"","Kingdom","Phylum","Class","Order","Family","Genus","Scientific.Name"
"1","Animalia","Chordata","Mammalia","Tubulidentata","Orycteropodidae","Orycteropus","Orycteropus afer"
"2","Animalia","Chordata","Mammalia","Carnivora","Felidae","Felis","Felis catus"
"3","Animalia","Chordata","Mammalia","Artiodactyla","Bovidae","Addax","Addax nasomaculatus"
"4","Animalia","Chordata","Aves","Sphenisciformes","Spheniscidae","Pygoscelis","Pygoscelis adeliae"
"5","Animalia","Chordata","Mammalia","Carnivora","Canidae","Canis","Canis Lupus"
"6","Animalia","Chordata","Mammalia","Carnivora","Canidae","Canis","Canis Lupus"
"7","Animalia","Chordata","Amphibia","Anura","Pyxicephalidae","Pyxicephalus","Pyxicephalus adspersus"
"8","Animalia","Chordata","Mammalia","Proboscidea","Elephantidae","Loxodonta","Loxodonta africana africana"
"9","Animalia","Chordata","Mammalia","Carnivora","Viverridae","Civettictis","Civettictis civetta"
"10","Animalia","Chordata","Amphibia","Anura","Pipidae","Xenopus","Xenopus laevis"
"11","Animalia","Chordata","Mammalia","Proboscidea","Elephantidae","Loxodonta","Loxodonta cyclotis"
"12","Animalia","Chordata","Aves","Psittaciformes","Psittacidae","Psittacus","Psittacus erithacus"
"13","Animalia","Chordata","Mammalia","Carnivora","Nandiniidae","Nandinia","Nandinia binotata"
"14","Animalia","Chordata","Aves","Sphenisciformes","Spheniscidae","Spheniscus","Spheniscus demersus"
"15","Animalia","Chordata","Amphibia","Anura","Bufonidae","Nectophryne","Nectophryne afra"
"16","Animalia","Chordata","Mammalia","Carnivora","Canidae","Lycaon","Lycaon pictus"
"17","Animalia","Chordata","Mammalia","Carnivora","Canidae","Canis","Canis lupus"
"18","Animalia","Chordata","Mammalia","Carnivora","Canidae","Canis","Canis lupus"
"19","Animalia","Chordata","Mammalia","Carnivora","Canidae","Canis","Canis Lupus"
"20","Animalia","Chordata","Mammalia","Carnivora","Canidae","Canis","Canis lupus"
"21","Animalia","Chordata","Mammalia","Carnivora","Canidae","Canis","Canis Lupus"
"22","Animalia","Chordata","Mammalia","Carnivora","Canidae","Canis","Canis lupus"
"23","Animalia","Chordata","Mammalia","Carnivora","Canidae","Canis","Canis lupus"
"24","Animalia","Chordata","Mammalia","Carnivora","Canidae","Canis","Canis lupus"
"25","Animalia","Chordata","Mammalia","Carnivora","Canidae","Canis","Canis lupus"
"26","Animalia","Chordata","Mammalia","Carnivora","Canidae","Canis","Canis lupus"
"27","Animalia","Chordata","Mammalia","Carnivora","Canidae","Canis","Canis Lupus"
"28","Animalia","Chordata","Mammalia","Carnivora","Canidae","Canis","Canis lupus"
"29","Animalia","Chordata","Actinopterygii","Scombriformes","Scombridae","Thunnus","Thunnus alalunga"
"30","Animalia","Chordata","Reptilia","Testudines","Testudinidae","Geochelone","Geochelone gigantea"
"31","Animalia","Chordata","Reptilia","Crocodilia","Alligatoridae","Alligator","Alligator mississippiensis"
"32","Animalia","Chordata","Actinopterygii","Lepisosteiformes","Lepisosteidae","Atractosteus","Atractosteus spatula"
"33","Animalia","Chordata","Mammalia","Artiodactyla","Camelidae","Vicugna","Vicugna pacos"
"34","Animalia","Chordata","Mammalia","Carnivora","Canidae","Canis","Canis lupus"
"35","Animalia","Chordata","Mammalia","Artiodactyla","Bovidae","Capra","Capra aegagrus hircus"
"36","Animalia","Chordata","Mammalia","Carnivora","Canidae","Canis","Canis lupus"
"37","Animalia","Chordata","Mammalia","Carnivora","Canidae","Canis","Canis lupus"
"38","Animalia","Chordata","Mammalia","Carnivora","Canidae","Canis","Canis Lupus"
"39","Animalia","Chordata","Mammalia","Carnivora","Canidae","Canis","Canis lupus"
"40","Animalia","Arthropoda","Insecta","Blattodea","Blattidae","Periplaneta","Periplaneta americana"
"41","Animalia","Chordata","Mammalia","Carnivora","Canidae","Canis","Canis lupus"
"42","Animalia","Chordata","Mammalia","Carnivora","Canidae","Canis","Canis lupus"
"43","Animalia","Chordata","Mammalia","Carnivora","Canidae","Canis","Canis lupus"
"44","Animalia","Chordata","Mammalia","Carnivora","Canidae","Canis","Canis lupus"
"45","Animalia","Chordata","Mammalia","Carnivora","Canidae","Canis","Canis lupus"
"46","Animalia","Chordata","Mammalia","Carnivora","Canidae","Canis","Canis lupus"
"47","Animalia","Chordata","Mammalia","Artiodactyla","Bovidae","Capra","Capra aegagrus hircus"
"48","Animalia","Chordata","Aves","Passeriformes","Turdidae","Turdus Linnaeus","Turdus migratorius"
"49","Animalia","Chordata","Mammalia","Carnivora","Canidae","Canis","Canis Lupus"
"50","Animalia","Chordata","Amphibia","Anura","Bufonidae","Anaxyrus","Anaxyrus americanus"
"51","Animalia","Chordata","Mammalia","Carnivora","Canidae","Canis","Canis Lupus"
"52","Animalia","Chordata","Mammalia","Carnivora","Felidae","Panthera","Panthera pardus orientalis"
"53","Animalia","Chordata","Mammalia","Carnivora","Canidae","Canis","Canis lupus"
"54","Animalia","Chordata","Mammalia","Artiodactyla","Bovidae","Capra","Capra aegagrus hircus"
"55","Animalia","Annelida","Polychaeta","Phyllodocida","Polynoidae","Eulagisca","Eulagisca gigantea"
"56","Animalia","Chordata","Mammalia","Xenarthra","Myrmecophagidae","Tamandua","Myrmecophaga Tridactyla"
"57","Animalia","Chordata","Mammalia","Carnivora","Canidae","Canis","Canis lupus"
"58","Animalia","Chordata","Mammalia","Carnivora","Canidae","Canis","Canis lupus"
"59","Animalia","Chordata","Mammalia","Carnivora","Canidae","Vulpes","Vulpes lagopus"
"60","Animalia","Chordata","Mammalia","Lagomorpha","Leporidae","Lepus","Lepus Arcticus"
"61","Animalia","Chordata","Mammalia","Carnivora","Canidae","Canis","Canus Lupus Arcticus"
"62","Animalia","Arthropoda","Arachnida","Scorpiones","Buthidae","Centruriodes","Centruroides sculpturatus"
"63","Animalia","Chordata","Mammalia","Cingulata","Dasypodidae","Dasypus","Dasypodidae"
"64","Animalia","Arthropoda","Insecta","Lepidoptera","Noctuidae","Mythimna","Mythimna unipuncta"
"65","Animalia","Chordata","Mammalia","Proboscidea","Elephantidae","Elephas","Elephas maximus"
"66","Animalia","Arthropoda","Insecta","Hymenoptera","Vespidae","Vespa","Vespa mandarinia"
"67","Animalia","Chordata","Mammalia","Carnivora","Viverridae","Paradoxurus","Paradoxurus hermaphroditus"
"68","Animalia","Chordata","Mammalia","Carnivora","Ursidae","Ursus","Ursus tibetanus"
"69","Animalia","Chordata","Mammalia","Carnivora","Canidae","Canis","Canis lupus"
"70","Animalia","Chordata","Mammalia","Carnivora","Canidae","Canis","Canis lupus"
"71","Animalia","Hemichordata","Mammalia","Carnivora","Canidae","Canis","Canis lupus"
"72","Animalia","Chordata","Mammalia","Carnivora","Canidae","Canis","Canis lupus"
"73","Animalia","Chordata","Mammalia","Carnivora","Canidae","Canis","Canis lupus"
"74","Animalia","Chordata","Mammalia","Carnivora","Canidae","Canis","Canis lupus"
"75","Animalia","Chordata","Mammalia","Carnivora","Felidae","Felis","Felis catus"
"76","Animalia","Chordata","Mammalia","Carnivora","Canidae","Canis","Canis lupus"
"77","Animalia","Chordata","Mammalia","Carnivora","Canidae","Canis","Canis lupus"
"78","Animalia","Chordata","Mammalia","Carnivora","Canidae","Canis","Canis Lupus"
"79","Animalia","Chordata","Aves","Charadriiformes","Recurvirostridae","Recurvirostra","Recurvirostra"
"80","Animalia","Chordata","Amphibia","Caudata","Ambystomatidae","Ambystoma","Ambystoma mexicanum"
"81","Animalia","Chordata","Mammalia","Primates","Daubentoniidae","Daubentonia","Daubentonia madagascariensis"
"82","Animalia","Chordata","Mammalia","Primates","Cercopithecidae","Papio","Papio"
"83","Animalia","Chordata","Mammalia","Artiodactyla","Camelidae","Camelus","Camelus Bactrianus"
"84","Animalia","Chordata","Mammalia","Carnivora","Mustelidae","Taxidiinae","Taxidea Taxus"
"85","Animalia","Chordata","Mammalia","Cetartiodactyla","Lipotidae","Liptodes","Liptodes vexillifer"
"86","Animalia","Chordata","Mammalia","Artiodactyla","Eschrichtiidae","Eubalaena and Balaena","Mysticeti"
"87","Animalia","Chordata","Mammalia","Carnivora","Felidae","Felis","Felis catus"
"88","Animalia","Chordata","Mammalia","Carnivora","Felidae","Lynx","Lynx lynx balcanicus"
"89","Animalia","Chordata","Mammalia","Carnivora","Viverridae","Hemigalus","Hemigalus Derbyanus"
"90","Animalia","Chordata","Mammalia","Peramelemorphia","Peramelidae","Perameles","Perameles"
"91","Animalia","Chordata","Actinopterygii","Cypriniformes","Cyprinidae","Barbus","Barbus Barbus"
"92","Animalia","Chordata","Mammalia","Carnivora","Canidae","Canis","Canis lupus"
"93","Animalia","Chordata","Aves","Strigiformes","Tytonidae","Tyto","Tyto alba"
"94","Animalia","Chordata","Aves","Passeriformes","Hirundinidae","Hirundo","Hirundo rustica"
"95","Animalia","Chordata","Actinopterygii","Perciformes","Sphyraenidae","Sphyraena","Sphyraena"
"96","Animalia","Chordata","Actinopterygii","Perciformes","Latidae","Lates","Lates calcarifer"
"97","Animalia","Chordata","Aves","Strigiformes","Strigidae","Strix","Strix varia"
"98","Animalia","Chordata","Mammalia","Carnivora","Canidae","Canis","Canis lupus"
"99","Animalia","Chordata","Chondrichthyes","Lamniformes","Cetorhinidae","Cetorhinus","Cetorhinus Maximus"
"100","Animalia","Chordata","Mammalia","Carnivora","Canidae","Canis","Canis lupus"
"101","Animalia","Chordata","Mammalia","Carnivora","Canidae","Canis","Canis lupus"
"102","Animalia","Chordata","Mammalia","Carnivora","Canidae","Canis","Canis lupus"
"103","Animalia","Chordata","Mammalia","Carnivora","Canidae","Canis","Canis lupus"
"104","Animalia","Chordata","Mammalia","Chiroptera","Microchiroptera","Emballonuridae","Chiroptera"
"105","Animalia","Chordata","Mammalia","Carnivora","Canidae","Canis","Canis lupus"
"106","Animalia","Chordata","Mammalia","Carnivora","Canidae","Canis","Canis lupus familiaris"
"107","Animalia","Chordata","Mammalia","Carnivora","Canidae","Canis","Canis lupus familiaris"
"108","Animalia","Chordata","Mammalia","Carnivora","Canidae","Canis","Canis lupus"
"109","Animalia","Chordata","Mammalia","Carnivora","Canidae","Canis","Canis lupus"
"110","Animalia","Chordata","Mammalia","Carnivora","Canidae","Canis","Canis lupus"
"111","Animalia","Chordata","Mammalia","Carnivora","Canidae","Canis","Canis lupus"
"112","Animalia","Chordata","Mammalia","Carnivora","Canidae","Canis","Canis lupus"
"113","Animalia","Chordata","Mammalia","Carnivora","Ursidae","Ursus","Ursidae"
"114","Animalia","Chordata","Mammalia","Carnivora","Canidae","Canis","Canis lupus"
"115","Animalia","Chordata","Reptilia","Squamata","Agamidae","Pogona","Pogona Vitticeps"
"116","Animalia","Chordata","Mammalia","Carnivora","Canidae","Canis","Canis lupus"
"117","Animalia","Chordata","Mammalia","Carnivora","Canidae","Canis","Canis lupus"
"118","Animalia","Chordata","Mammalia","Carnivora","Canidae","Canis","Canis Lupus"
"119","Animalia","Chordata","Mammalia","Artiodactyla","Bovidae","Bos x Bison","Bos taurus x Bison bison"
"120","Animalia","Chordata","Mammalia","Carnivora","Canidae","Canis","Canis lupus"
"121","Animalia","Chordata","Mammalia","Carnivora","Canidae","Canis","Canis lupus"
"122","Animalia","Chordata","Actinopterygii","Acipenseriformes","Acipenseridae","Huso","Huso huso"
"123","Animalia","Chordata","Mammalia","Carnivora","Felidae","Panthera","Panthera Tigris Tigris"
"124","Animalia","Chordata","Mammalia","Carnivora","Canidae","Canis","Canis lupus"
"125","Animalia","Chordata","Mammalia","Carnivora","Canidae","Canis","Canis lupus"
"126","Animalia","Chordata","Mammalia","Carnivora","Canidae","Canis","Canis Lupus"
"127","Animalia","Chordata","Mammalia","Carnivora","Canidae","Canis","Canis lupus"
"128","Animalia","Chordata","Mammalia","Carnivora","Canidae","Canis","Canis lupus"
"129","Animalia","Chordata","Mammalia","Carnivora","Canidae","Canis","Canis lupus"
"130","Animalia","Chordata","Mammalia","Artiodactyla","Bovidae","Ovis","Ovis canadensis"
"131","Animalia","Chordata","Mammalia","Peramelemorphia","Thylacomyidae","Macrotis","Macrotis lagotis"
"132","Animalia","Chordata","Mammalia","Carnivora","Viverridae","Arctictis","Arctictis binturong"
"133","Animalia","Chordata","Mammalia","Carnivora","Felidae","Felis","Felis catus"
"134","Animalia","Chordata","Mammalia","Artiodactyla","Bovidae","Bison","Bison Bison"
"135","Animalia","Chordata","Mammalia","Carnivora","Canidae","Canis","Canis lupus"
"136","Animalia","Chordata","Actinopterygii","Istiophoriformes","Istiophordae","Istiompax","Istiompax Indica"
"137","Animalia","Chordata","Mammalia","Perissodactyla","Rhinocerotidae","Diceros","Diceros Bicornis"
"138","Animalia","Chordata","Mammalia","Carnivora","Canidae","Canis","Canis Lupus"
"139","Animalia","Arthropoda","Insecta","Hymenoptera","Sphecidae","Sphex","Sphex pensylvanicus"
"140","Animalia","Arthropoda","Arachnida","Araneae","Theridiidae","Latrodectus","Latrodectus"
"141","Animalia","Chordata","Mammalia","Carnivora","Mustelidae","Mustela","Mustela nigripes"
"142","Animalia","Chordata","Actinopterygii","Scorpaeniformes","Psychrolutidae","Psychrolutes","Psychrolutes marcidus"
"143","Animalia","Chordata","Mammalia","Carnivora","Canidae","Canis","Canis lupus"
"144","Animalia","Chordata","Aves","Passeriforme","Cardinalidae","Passerina","Passerina caerulea"
"145","Animalia","Chordata","Reptilia","Squamata","Iguanidae","Cyclura","Cyclura lewisi"
"146","Animalia","Chordata","Aves","Passeriformes","Corvidae","Cyanocitta","Cyanocitta cristata"
"147","Animalia","Chordata","Mammalia","Carnivora","Canidae","Canis","Canis lupus"
"148","Animalia","Chordata","Mammalia","Carnivora","Canidae","Canis","Canis lupus"
"149","Animalia","Chordata","Chondrichthyes","Carcharhiniformes","Carcharhinidae","Prionace","Prionace glauca"
"150","Animalia","Chordata","Mammalia","Cetacea","Balaenopteridae","Balaenoptera","Balsenoptera musculus"
"151","Animalia","Chordata","Mammalia","Carnivora","Canidae","Canis","Canis lupus"
"152","Animalia","Chordata","Mammalia","Carnivora","Felidae","Lynx","Lynx rufus"
"153","Animalia","Chordata","Aves","Passeriformes","Icteridae","Dolichonyx","Dolichonyx oryzivorus"
"154","Animalia","Chordata","Mammalia","Carnivora","Canidae","Canis","Canis lupus"
"155","Animalia","Chordata","Mammalia","Carnivora","Canidae","Canis","Canis lupus"
"156","Animalia","Chordata","Mammalia","Carnivora","Canidae","Canis","Canis Lupus"
"157","Animalia","Chordata","Mammalia","Carnivora","Felidae","Felis","Felis catus"
"158","Animalia","Chordata","Mammalia","Artiodactyla","Bovidae","Tragelaphus","Tragelaphus eurycerus"
"159","Animalia","Chordata","Actinopterygii","Scombriformes","Scombridae","Sarda","Sarda"
"160","Animalia","Chordata","Chondrichthyes","Carcharhiniformes","Sphyrnidae","Sphyrna","Sphyrna tiburo"
"161","Animalia","Chordata","Mammalia","Primates","Hominidae","Pan","Pan paniscus"
"162","Animalia","Chordata","Mammalia","Carnivora","Canidae","Canis","Canis lupus"
"163","Animalia","Chordata","Mammalia","Carnivora","Canidae","Canis","Canis lupus"
"164","Animalia","Chordata","Mammalia","Carnivora","Canidae","Canis","Canis Lupus"
"165","Animalia","Chordata","Mammalia","Carnivora","Canidae","Canis","Canis lupus"
"166","Animalia","Chordata","Mammalia","Primates","Hominidae","Pongo","Pongo pygmaeus"
"167","Animalia","Chordata","Mammalia","Proboscidea","Elephantidae","Elephas","Elephas maximus borneensis"
"168","Animalia","Chordata","Mammalia","Carnivora","Canidae","Canis","Canis lupus"
"169","Animalia","Chordata","Mammalia","Cetacea","Delphinidae","Tursiops","Tursiops Truncatus"
"170","Animalia","Chordata","Mammalia","Carnivora","Canidae","Canis","Canis lupus"
"171","Animalia","Chordata","Actinopterygii","Amiiformes","Amiidae","Amia","Amia calva"
"172","Animalia","Chordata","Mammalia","Artiodactyla","Balaenidae","Balaena","Balaena mysticetus"
"173","Animalia","Chordata","Reptilia","Testudines","Emydidae","Terrapene","Terrapene carolina"
"174","Animalia","Chordata","Mammalia","Carnivora","Canidae","Canis","Canis lupus"
"175","Animalia","Chordata","Mammalia","Carnivora","Canidae","Canis","Canis lupus"
"176","Animalia","Chordata","Mammalia","Carnivora","Canidae","Canis","Canis lupus"
"177","Animalia","Chordata","Mammalia","Carnivora","Canidae","Canis","Canis lupus"
"178","Animalia","Chordata","Mammalia","Carnivora","Canidae","Canis","Canis lupus"
"179","Animalia","Chordata","Mammalia","Carnivora","Canidae","Canis","Canis lupus"
"180","Animalia","Chordata","Mammalia","Carnivora","Canidae","Canis","Canis lupus"
"181","Animalia","Chordata","Mammalia","Carnivora","Canidae","Canis","Canis lupus"
"182","Animalia","Chordata","Mammalia","Carnivora","Canidae","Canis","Canis lupus"
"183","Animalia","Chordata","Reptilia","Squamata","Chamaeleonidae","Brookesia","Brookesia micra"
"184","Animalia","Chordata","Mammalia","Carnivora","Ursidae","Ursus","Ursus arctos"
"185","Animalia","Chordata","Mammalia","Carnivora","Hyaenidae","Hyaena","Hyaena brunnea"
"186","Animalia","Chordata","Mammalia","Carnivora","Canidae","Canis","Canis lupus"
"187","Animalia","Chordata","Mammalia","Carnivors","Canidae","Canis","Canis lupus"
"188","Animalia","Chordata","Aves","Psittaciformes","Psittacidae","Melopsittacus","Melopsittacus undulatus"
"189","Animalia","Chordata","Mammalia","Artiodactyla","Bovidae","Syncerus","Syncerus caffer"
"190","Animalia","Chordata","Chondrichthyes","Carcharhiniformes","Carcharhinidae","Carcharhinus","Carcharhinus Leucas"
"191","Animalia","Chordata","Mammalia","Carnivora","Canidae","Canis","Canis Lupus"
"192","Animalia","Chordata","Mammalia","Carnivora","Canidae","Canis","Canis lupus"
"193","Animalia","Chordata","Amphibia","Anura","Ranidae","Lithobates","Lithobates catesbeianus"
"194","Animalia","Chordata","Mammalia","Carnivora","Canidae","Canis","Canis Lupus"
"195","Animalia","Chordata","Mammalia","Carnivora","Felidae","Felis","Felis catus"
"196","Animalia","Chordata","Reptilia","Squamata","Pythonidae","Python","Python bivittatus"
"197","Animalia","Chordata","Aves","Strigiformes","Strigidae","Athene","Athene cunicularia"
"198","Animalia","Chordata","Mammalia","Rodentia","Cricetidae","Peromyscus","Peromyscus erimicus"
"199","Animalia","Chordata","Amphibia","Gymnophiona","Caecilidae","Caecilia Linnaeus","Apoda"
"200","Animalia","Chordata","Reptilia","Crocodilia","Alligatoridae","Caimaninae","Caiman crocodilus, Melanosuchus niger, Caiman yacare, Paleosuchus palpebrosus, Paleosuchus trigonatus, Caiman latirostris"
"201","Animalia","Chordata","Mammalia","Carnivora","Canidae","Canis","Canis Lupus"
"202","Animalia","Chordata","Mammalia","Artiodactyla","Camelidae","Camelus","Camelus dromedarius"
"203","Animalia","Chordata","Mammalia","Carnivora","Canidae","Canis","Canis Lupus"
"204","Animalia","Chordata","Mammalia","Carnivora","Felidae","Lynx","Lynx canadensis"
"205","Animalia","Chordata","Mammalia","Carnivora","Canidae","Canis","Canis lupus"
"206","Animalia","Chordata","Mammalia","Perissodactyla","Equidae","Equus","Equus ferus caballus"
"207","Animalia","Chordata","Mammalia","Carnivora","Canidae","Canis","Canis lupus"
"208","Animalia","Chordata","Mammalia","Carnivora","Felidae","Panthera","Panthera leo melanochaitus"
"209","Animalia","Chordata","Mammalia","Rodentia","Caviidae","Hydrochoerus","Hydrochoerus hydrochaeris"
"210","Animalia","Chordata","Mammalia","Carnivora","Felidae","Caracal","Caracal Caracal"
"211","Animalia","Chordata","Mammalia","Artiodactyla","Cervidae","Rangifer","Rangifer tarandus"
"212","Animalia","Chordata","Mammalia","Carnivora","Canidae","Canis","Canis Lupus"
"213","Animalia","Chordata","Aves","Psittaciformes","Psittacidae","+Conuropsis","+Conuropsis carolinensis"
"214","Animalia","Chordata","Mammalia","Artiodactyla","Bovidae","Capra","Capra aegagrus hircus"
"215","Animalia","Chordata","Mammalia","Carnivora","Canidae","Canis","Canis lupus"
"216","Animalia","Chordata","Mammalia","Carnivora","Canidae","Canis","Canis lupus"
"217","Animalia","Chordata","Mammalia","Carnivora","Canidae","Canis","Canis lupus"
"218","Animalia","Chordata","Mammalia","Carnivora","Canidae","Canis","Canis lupus"
"219","Animalia","Chordata","Mammalia","Carnivora","Canidae","Canis","Canis Lupus"
"220","Animalia","Chordata","Mammalia","Carnivora","Canidae","Canis","Canis lupus"
"221","Animalia","Chordata","Mammalia","Carnivora","Canidae","Canis","Canis lupus"
"222","Animalia","Chordata","Mammalia","Artiodactyla","Bovidae","Rupicapra","Rupicapra rupicapra"
"223","Animalia","Chordata","Mammalia","Carnivora","Feliformia","Felis","Felis catus"
"224","Animalia","Chordata","Mammalia","Carnivora","Canidae","Canis","Canis lupus"
"225","Animalia","Chordata","Mammalia","Carnivora","Felidae","Acinonyx","Acinonyx jubatus"
"226","Animalia","Chordata","Mammalia","Carnivora","Canidae","Canis","Canis Lupus"
"227","Animalia","Chordata","Aves","Galliformes","Phasianidae","Gallus","Gallus gallus"
"228","Animalia","Chordata","Mammalia","Carnivora","Canidae","Canis","Canis Lupus"
"229","Animalia","Chordata","Mammalia","Primates","Hominidae","Pan","Pan troglodytes"
"230","Animalia","Chordata","Mammalia","Rodentia","Chinchillidae","Chinchilla","Chinchilla Lanigera"
"231","Animalia","Chordata","Reptilia","Crocodilia","Alligatoridae","Alligator","Aliigator sinensis"
"232","Animalia","Chordata","Mammalia","Carnivora","Canidae","Canis","Canis lupus"
"233","Animalia","Chordata","Aves","Anseriformes","Anatidae","Anser","Anser cygnoides domesticus"
"234","Animalia","Chordata","Actinopterygii","Acipenseriformes","Polyodontidae","Psephurus","Psephurus gladius"
"235","Animalia","Chordata","Mammalia","Carnivora","Canidae","Canis","Canis lupus"
"236","Animalia","Chordata","Mammalia","Carnivora","Canidae","Canis","Canis lupus"
"237","Animalia","Chordata","Aves","Sphenisciformes","Spheniscidae","Pygoscelis","Pygoscelis Antarcticus"
"238","Animalia","Chordata","Mammalia","Carnivora","Canidae","Canis","Canis lupus"
"239","Animalia","Chordata","Mammalia","Carnivora","Canidae","Canis","Canis lupus"
"240","Animalia","Chordata","Mammalia","Carnivora","Canidae","Canis","Canis lupus"
"241","Animalia","Chordata","Mammalia","Carnivora","Canidae","Canis","Canis lupus"
"242","Animalia","Chordata","Mammalia","Carnivora","Canidae","Canis","Canis lupus"
"243","Animalia","Arthropoda","Malacostraca","Decapoda","Gecarcinidae","Gecarcoidea","Gecarcoidea natalis"
"244","Animalia","Chordata","Mammalia","Carnivora","Felidae","Neofelis","Neofelis nebulosa"
"245","Animalia","Chordata","Mammalia","Carnivora","Canidae","Canis","Canis lupus"
"246","Animalia","Chordata","Mammalia","Carnivora","Procyonidae","Nasua","Nasua nasua"
"247","Animalia","Chordata","Mammalia","Carnivora","Canidae","Canis","Canis lupus"
"248","Animalia","Chordata","Sarcopterygii","Coelacanthiformes","Latimeriidae","Latimeria","Coelacanthiformes"
"249","Animalia","Chordata","Mammalia","Atriodactyla","Tayassuidae","Pecari","Pecari tajacu"
"250","Animalia","Chordata","Mammalia","Carnivora","Canidae","Canis","Canis Lupus"
"251","Animalia","Mollusca","Cephalopoda","Oegopsida","Cranchiidae","Mesonychoteuthis","Mesonychoteuthis hamiltoni"
"252","Animalia","Chordata","Aves","Accipitriformes","Accipitridae","Buteo","Buteo buteo"
"253","Animalia","Chordata","Amphibia","Anura","Ranidae","Rana","Rana temporaria"
"254","Animalia","Arthropoda","Arachnida","aranae","Theridiidae","Parasteatoda","Parasteatoda tepidariorum"
"255","Animalia","Chordata","Aves","Gaviiformes","Gaviidae","Gavia","Gavia Immer"
"256","Animalia","Chordata","Aves","Passeriformes","Corvidae","Corvus","Corvus corax"
"257","Animalia","Chordata","Amphibia","Anura","Bufonidae","Bufo","Bufo Bufo"
"258","Animalia","Chordata","Mammalia","Carnivora","Canidae","Canis","Canis lupus"
"259","Animalia","Chordata","Mammalia","Carnivora","Canidae","Canis","Canis lupus"
"260","Animalia","Chordata","Mammalia","Carnivora","Canidae","Canis","Canis lupus"
"261","Animalia","Chordata","Mammalia","Carnivora","Canidae","Canis","Canis lupus"
"262","Animalia","Chordata","Mammalia","Primates","Callitrichidae","Saguinus","Saguinus Oedipus"
"263","Animalia","Chordata","Mammalia","Carnivora","Felidae","Puma","Felis Concolor"
"264","Animalia","Chordata","Mammalia","Artiodactyla","Bovidae","Bos","Bos Taurus"
"265","Animalia","Chordata","Mammalia","Carnivora","Canidae","Canis","Canis latrans"
"266","Animalia","Chordata","Mammalia","Primates","Cercopithecidae","Macaca","Macaca Fascicularis"
"267","Animalia","Chordata","Mammalia","Carnivora","Pinnipedia","Lobodon","Lobodon carcinophaga"
"268","Animalia","Chordata","Aves","Sphenisciformes","Spheniscidae","Eudyptes","Eudyptes robustus"
"269","Animalia","Chordata","Reptilia","Crocodilia","Crocodylidae","Crocodylus","Crocodylus acutus"
"270","Animalia","Chordata","Mammalia","Carnivora","Canidae","Vulpes","Vulpes vulpes"
"271","Animalia","Chordata","Mammalia","Primates","Hominidae","Gorilla","Gorilla gorilla diehli"
"272","Animalia","Chordata","Aves","Cuculiformes","Cuculidae","Cuculus","Cuculidae"
"273","Animalia","Chordata","Mammalia","Carnivora","Canidae","Canis","Canis lupus"
"274","Animalia","Chordata","Mammalia","Marsupialia","Phalangeridae","Phalanger","Phalanger maculatus"
"275","Animalia","Chordata","Mammalia","Carnivora","Canidae","Canis","Canis lupus"
"276","Animalia","Chordata","Mammalia","Carnivora","Canidae","Canis","Canis lupus"
"277","Animalia","Chordata","Mammalia","Carnivora","Canidae","Canis","Canis lupus"
"278","Animalia","Chordata","Mammalia","Carnivora","Canidae","Canis","Canis lupus"
"279","Animalia","Chordata","Mammalia","Carnivora","Canidae","Canis","Canis lupus"
"280","Animalia","Chordata","Mammalia","Carnivora","Canidae","Canis","Canis lupus"
"281","Animalia","Chordata","Mammalia","Carnivora","Canidae","Canis","Canis lupus"
"282","Animalia","Chordata","Mammalia","Carnivora","Canidae","Canis","Canis lupus"
"283","Animalia","Arthropoda","Insecta","Orthoptera","Acrididae","Schistocerca","Schistocerca gregaria"
"284","Animalia","Chordata","Amphibia","Anura","Brevicipitidae","Breviceps","Breviceps macrops"
"285","Animalia","Chordata","Reptilia","Testudines","Testudinidae","Gopherus","Gopherus Agassizii"
"286","Animalia","Chordata","Mammalia","Carnivora","Canidae","Canis","Canis Lupus"
"287","Animalia","Chordata","Mammalia","Carnivora","Felidae","Felis","Felis catus"
"288","Animalia","Chordata","Mammalia","Carnivora","Canidae","Cuon","Cuon alpinus"
"289","Animalia","Chordata","Mammalia","Carnivora","Canidae","Canis","Canis Lupus Dingo"
"290","Animalia","Chordata","Mammalia","Carnivora","Canidae","Canis","Canis Lupus"
"291","Animalia","Chordata","Aves","Columbiformes","Columbidae","Raphus","Raphus cucullatus"
"292","Animalia","Chordata","Mammalia","Carnivora","Canidae","Canis","Canis Lupus"
"293","Animalia","Chordata","Mammalia","Carnivora","Canidae","Canis","Canis lupus"
"294","Animalia","Chordata","Mammalia","Perissodactyla","Equidae","Equus","Equus Asinus"
"295","Animalia","Chordata","Mammalia","Carnivora","Canidae","Canis","Canis lupus"
"296","Animalia","Chordata","Mammalia","Carnivora","Canidae","Canis","Canis lupus"
"297","Animalia","Chordata","Mammalia","Carnivora","Canidae","Canis","Canis lupus"
"298","Animalia","Chordata","Mammalia","Carnivora","Canidae","Canis","canis lupus familiaris"
"299","Animalia","Chordata","Reptilia","Squamata","Agamidae","Draco","Draco volans"
"300","Animalia","Chordata","Mammalia","Carnivora","Canidae","Canis","Canis Lupus"
"301","Animalia","Chordata","Mammalia","Sirenia","Dugongidae","Dugong","Dugong Dugon"
"302","Animalia","Chordata","Mammalia","Carnivora","Canidae","Canis","Canis lupus"
"303","Animalia","Chordata","Mammalia","Cetacea","Delphinidae","Lagenorhynchus","Lagenorhynchus obscurus"
"304","Animalia","Annelida","Clitellata","Opisthopora","Limbricidae","Lumbricus Linnaeus","Lumbricina"
"305","Animalia","Chordata","Aves","Passeriformes","Turdidae","Sialia","Sialia sialis"
"306","Animalia","Chordata","Reptilia","Squamata","Phyrnosomatidae","Sceloporus","Sceloporus undulatas"
"307","Animalia","Chordata","Mammalia","Primates","Hominidae","Gorilla","Gorilla berengei"
"308","Animalia","Chordata","Mammalia","Primates","Hominidae","Gorilla","Gorilla Berengei Graueri"
"309","Animalia","Chordata","Aves","Passeriformes","Tyrannidae","Sayornis","Sayornis phoebe"
"310","Animalia","Chordata","Mammalia","Monotremata","Tachyglossidae","Tachyglossus","Tachyglossus Aculeatus"
"311","Animalia","Chordata","Amphibia","Anura","Ranidae","Pelophylax","Pelophylax kl. esculentus"
"312","Animalia","Chordata","Mammalia","Carnivora","Felidae","Felis","Felis catus"
"313","Animalia","Chordata","Actinopterygii","Gymnotiformes","Gymnotidae","Electrophorus","Electrophorus Electricus"
"314","Animalia","Chordata","Mammalia","Carnivora","Phocidae","Mirounga","Mirounga"
"315","Animalia","Chordata","Mammalia","Macroscelidea","Macroscelididae","Elephantulus","Elephantulus"
"316","Animalia","Chordata","Mammalia","Artiodactyla","Cervidae","Cervus","Cervus canadensis"
"317","Animalia","Chordata","Aves","Sphenisciformes","Spheniscidae","Aptenodytes","Aptenodytes forsteri"
"318","Animalia","Chordata","Mammalia","Primates","Callitrichidae","Saguinus","Saguinus Imperator"
"319","Animalia","Chordata","Aves","Casuariiformes","Casuariidae","Dromaius","Dromaius novaehollandiae"
"320","Animalia","Chordata","Mammalia","Carnivora","Canidae","Canis","Canis Lupus"
"321","Animalia","Chordata","Mammalia","Carnivora","Canidae","Canis","Canis lupus"
"322","Animalia","Chordata","Mammalia","Carnivora","Canidae","Canis","Canis lupus"
"323","Animalia","Chordata","Mammalia","Carnivora","Canidae","Canis","Canis lupus"
"324","Animalia","Chordata","Mammalia","Carnivora","Canidae","Canis","Canis lupus"
"325","Animalia","Chordata","Mammalia","Carnivora","Canidae","Canis","Canis lupus"
"326","Animalia","Chordata","Mammalia","Carnivora","Canidae","Canis","Canis lupus"
"327","Animalia","Chordata","Mammalia","Carnivora","Canidae","Canis","Canis lupus"
"328","Animalia","Chordata","Mammalia","Carnivora","Canidae","Canis","Canis lupus"
"329","Animalia","Chordata","Mammalia","Carnivora","Mustelidae","Mustela","Mustela erminea"
"330","Animalia","Chordata","Mammalia","Carnivora","Canidae","Canis","Canis Lupus"
"331","Animalia","Chordata","Mammalia","Carnivora","Canidae","Canis","Canis lupus"
"332","Animalia","Chordata","Mammalia","Carnivora","Canidae","Canis","Canis lupus"
"333","Animalia","Chordata","Mammalia","Artiodactyla","Cervidae","Dama","Dama dama"
"334","Animalia","Chordata","Mammalia","Artiodactyla","Delphinidae","Pseudorca","Pseudorca crassidens"
"335","Animalia","Arthropoda","Arachnida"," Araneae","Theridiidae","Steatoda","Steatoda grossa"
"336","Animalia","Chordata","Actinopterygii","Beryciformes","Anoplogastridae","Anoplogaster","Anoplogaster"
"337","Animalia","Chordata","Mammalia","Carnivora","Canidae","Canis","Canis lupus"
"338","Animalia","Chordata","Mammalia","Carnivora","Canidae","Vulpes","Vulpes zerda"
"339","Animalia","Chordata","Mammalia","Carnivora","Mustelidae","Mustela","Mustela furo"
"340","Animalia","Chordata","Aves","Accipitriformes","Accipitridae","Buteo","Buteo regalis"
"341","Animalia","Chordata","Mammalia","Carnivora","Canidae","Canis","Canis Lupus"
"342","Animalia","Chordata","Mammalia","Carnivora","Canidae","Canis","Canis lupus"
"343","Animalia","Chordata","Mammalia","Cetacea","Balaenopteridae","Balaenoptera","Balaenoptera Physalus"
"344","Animalia","Chordata","Mammalia","Carnivora","Canidae","Canis","Canis lupus"
"345","Animalia","Chordata","Amphibia","Anura","Bombinatoridae","Bombina","Bombina"
"346","Animalia","Chordata","Mammalia","Carnivora","Mustelidae","Pekania","Pekania pennanti"
"347","Animalia","Chordata","Mammalia","Carnivora","Felidae","Prionailurus","Prionailurus viverrinus"
"348","Animalia","Chordata","Mammalia","Carnivora","Canidae","Canis","Canis lupus"
"349","Animalia","Chordata","Actinopterygii","Lepisosteiformes","Lepisosteidae","Lepisosteus","Lepisosteus platyrhincus"
"350","Animalia","Chordata","Mammalia","Carnivora","Felidae","Puma","Puma concolor couguar"
"351","Animalia","Chordata","Actinopterygii","Pleuronectiformes","Paralichthyidae","Paralichthys","Paralichthys"
"352","Animalia","Chordata","Mammalia","Rodentia","Sciuridae","Pteromyini","Pteromyini"
"353","Animalia","Chordata","Mammalia","Carnivora","Canidae","Canis","Canis lupus"
"354","Animalia","Chordata","Mammalia","Carnivora","Eupleridae","Cryptoprocta","Cryptoprocta ferox"
"355","Animalia","Chordata","Mammalia","Carnivora","Canidae","Vulpes","Vulpes vulpes"
"356","Animalia","Chordata","Mammalia","Carnivora","Canidae","Canis","Canis Lupus"
"357","Animalia","Chordata","Mammalia","Carnivora","Canidae","Canis","Canis lupus"
"358","Animalia","Chordata","Mammalia","Carnivora","Canidae","Canis","Canis lupus"
"359","Animalia","Chordata","Mammalia","Carnivora","Canidae","Canis","Canis lupus"
"360","Animalia","Chordata","Aves","Pelecaniformes","Fregatidae","Fregata","Fregata"
"361","Animalia","Chordata","Reptilia","Squamata","Agamidae","Chlamydosaurus","Chlamydosaurus kingii"
"362","Animalia","Chordata","Chondrichthyes","Hexanchiformes","Chlamydoselachidae","Chlamydoselachus","Chlamydoselachus anguineus"
"363","Animalia","Chordata","Mammalia","Carnivora","Otariidae","Arctocephalus","Arctocephalinae"
"364","Animalia","Chordata","Aves","Sphenisciformes","Spheniscidae","Spheniscus","Spheniscus Mendiculus"
"365","Animalia","Chordata","Reptilia","Testudines","Testudinidae","Chelonoidis","Chelonoidis nigra"
"366","Animalia","Chordata","Mammalia","Carnivora","Viverridae","Genetta","Genetta genetta"
"367","Animalia","Chordata","Aves","Sphenisciformes","Spheniscidae","Pygoscelis","Pygoscelis papua"
"368","Animalia","Chordata","Mammalia","Primates","Callitrichidae","Saguinus","Saguinus Geoffroyi"
"369","Animalia","Chordata","Mammalia","Carnivora","Canidae","Canis","Canis lupus"
"370","Animalia","Chordata","Mammalia","Carnivora","Canidae","Canis","Canis lupus"
"371","Animalia","Chordata","Mammalia","Carnivora","Canidae","Canis","Canis lupus"
"372","Animalia","Chordata","Mammalia","Carnivora","Canidae","Canis","Canis lupus"
"373","Animalia","Chordata","Mammalia","Carnivora","Canidae","Canis","Canis lupus"
"374","Animalia","Chordata","Mammalia","Carnivora","Canidae","Canis","Canis lupus"
"375","Animalia","Chordata","Reptilia","Crocodilia","Gavialidae","Gavialis","Gavialis gangeticus"
"376","Animalia","Mollusca","Gastropoda","Achatinoidea","Achatinidae","Achatina","Achatina fulica"
"377","Animalia","Chordata","Mammalia","Cingulata","Chlamyphoridae","Priodontes","Priodontes maximus"
"378","Animalia","Mollusca","Bivalvia","Cardiida","Cardiidae","Tridacna","Tridacna gigas"
"379","Animalia","Chordata","Mammalia","Carnivora","Ursidae","Ailuropoda","Ailuropoda melanoleuca"
"380","Animalia","Chordata","Mammalia","Carnivora","Canidae","Canis","Canis lupus"
"381","Animalia","Chordata","Mammalia"," Carnivora"," Canidae","Canis","Canis lupus"
"382","Animalia","Chordata","Mammalia","Primates","Hylobatidae","Hylobates","Hylobatidae"
"383","Animalia","Chordata","Reptilia","Squamata","Helodermatidae","Heloderma","Heloderma suspectum"
"384","Animalia","Chordata","Mammalia","Artiodactyla","Giraffidae","Giraffa","Giraffa camelopardalis"
"385","Animalia","Chordata","Reptilia","Squamata","Anguidae","Ophisaurus","Ophisaurus"
"386","Animalia","Chordata","Mammalia","Carnivora","Canidae","Canis","Canis lupus"
"387","Animalia","Chordata","Mammalia","Carnivora","Canidae","Canis","Canis lupus"
"388","Animalia","Chordata","Mammalia","Carnivora","Canidae","Canis","Canis lupus"
"389","Animalia","Chordata","Mammalia","Carnivora","Canidae","Canis","Canis lupus"
"390","Animalia","Chordata","Mammalia","Carnivora","Canidae","Canis","Canis lupus"
"391","Animalia","Chordata","Mammalia","Primates","Callitrichidae","Leontopithecus","Leontopithecus rosalia"
"392","Animalia","Chordata","Aves","Strigiformes","Tytonidae","Tyto","Tyto aurantia"
"393","Animalia","Chordata","Mammalia","Carnivora","Canidae","Canis","Canis lupus"
"394","Animalia","Chordata","Aves","Passeriformes","Oriolidae","Oriolus","Oriolus oriolus"
"395","Animalia","Chordata","Mammalia","Carnivora","Canidae","Canis","Canis lupus"
"396","Animalia","Chordata","Mammalia","Carnivora","Canidae","Canis","Canis Lupus"
"397","Animalia","Chordata","Mammalia","Carnivora","Canidae","Canis","Canis lupus"
"398","Animalia","Chordata","Mammalia","Carnivora","Canidae","Canis","Canis lupus"
"399","Animalia","Chordata","Mammalia","Chiroptera","Pteropodidae","Acerodon","Acerodon jubatus"
"400","Animalia","Chordata","Mammalia","Carnivora","Canidae","Canis","Canis lupus"
"401","Animalia","Chordata","Amphibia","Anura","Conrauidae","Conraua","Conraua goliath"
"402","Animalia","Chordata","Mammalia","Rodentia","Geomyidae","Geomys","Geomys bursarius"
"403","Animalia","Chordata","Reptilia","Testudines","Testudinidae","Gopherus","Gopherus polyphemus"
"404","Animalia","Chordata","Mammalia","Carnivora","Canidae","Canis","Canis lupus"
"405","Animalia","Chordata","Aves","Passeriformes","Estrildidae","Erythrura","Erythrura gouldiae"
"406","Animalia","Chordata","Mammalia","Carnivora","Canidae","Urocyon","Urocyon cinereoargenteus"
"407","Animalia","Chordata","Amphibia","Anura","Hylidae","Hyla","Hyla versicolor"
"408","Animalia","Chordata","Aves","Pelecaniformes","Ardeidae","Ardea","Ardea herodias"
"409","Animalia","Chordata","Aves","Passeriformes","Tyrannidae","Myiarchus","Myiarchus crinitus"
"410","Animalia","Chordata","Mammalia","Carnivora","Canidae","Canis","Canis lupus"
"411","Animalia","Chordata","Mammalia","Carnivora","Canidae","Canis","Canis lupus"
"412","Animalia","Chordata","Mammalia","Carnivora","Canidae","Canis","Canis lupus"
"413","Animalia","Chordata","Chondrichthyes","Lamniformes","Lamnidae","Carcharodon","Carcharodon carcharias"
"414","Animalia","Chordata","Mammalia","Carnivora","Canidae","Canis","Canis lupus"
"415","Animalia","Chordata","Reptilia","Squamata","Dactyloidae","Anolis","Anolis carolinensis"
"416","Animalia","Chordata","Aves","Coraciiformes","Meropidae","Merops","Merops orientalis"
"417","Animalia","Chordata","Amphibia","Anura","Ranidae","Lithobates","Lithobates clamitans"
"418","Animalia","Chordata","Mammalia","Carnivora","Canidae","Canis","Canis lupus"
"419","Animalia","Chordata","Chondrichthyes","Squaliformes","Somniosidae","Somniosus","Somniosus microcephalus"
"420","Animalia","Chordata","Mammalia","Primates","Cheirogaleidae","Microcebus","Microcebus murinus"
"421","Animalia","Chordata","Chondrichthyes","Carcharhiniformes","Carcharhinidae","Carcharhinus","Carcharhinus Amblyrhynchos"
"422","Animalia","Chordata","Mammalia","Carnivora","Phocidae","Halichoerus","Halichoerus Grypus"
"423","Animalia","Chordata","Mammalia","Carnivora","Canidae","Canis","Canis Lupus"
"424","Animalia","Chordata","Mammalia","Carnivora","Canidae","Canis","Canis lupus"
"425","Animalia","Chordata","Mammalia","Carnivora","Ursidae","Ursus","Ursus Arctos Horriblis"
"426","Animalia","Chordata","Mammalia","Carnivora","Canidae","Canis","Canis lupus"
"427","Animalia","Chordata","Aves","Galliformes","Phasianidae","Tetraoninae","Tetraoninae"
"428","Animalia","Chordata","Mammalia","Rodentia","Caviidae","Cavia","Cavia porcellus"
"429","Animalia","Chordata","Actinopterygii","Cyprinodontiformes","Poeciliidae","Poecilia","Poecilia reticulata"
"430","Animalia","Chordata","Actinopterygii","Gadiformes","Gadidae","Melanogrammus"," Melanogrammus aeglefinus"
"431","Animalia","Chordata","Mammalia","Carnivora","Phocidae","Phoca","Phoca vitulina"
"432","Animalia","Chordata","Actinopterygii","Siluriformes","Ariidae","Ariopsis","Ariopsis felis"
"433","Animalia","Chordata","Mammalia","Lagomorpha","Leporidae","Lepus","Lepus"
"434","Animalia","Chordata","Mammalia","Carnivora","Phocidae","Pagophilus","Pagophilus groenlandicus"
"435","Animalia","Chordata","Aves","Accipitriformes","Accipitridae","Harpia","Harpia harpyja"
"436","Animalia","Chordata","Mammalia","Carnivora","Canidae","Canis","Canis lupus"
"437","Animalia","Chordata","Mammalia","Carnivora","Canidae","Canis","Canis lupus"
"438","Animalia","Chordata","Mammalia","Carnivora","Canidae","Canis","Canis lupus"
"439","Animalia","Chordata","Aves","Passeriformes","Corvidae","Corvus","Corvus Hawaiiensis"
"440","Animalia","Chordata","Mammalia","Carnivora","Phocidae","Neomonachus","Neomonachus schauinslandi"
"441","Animalia","Arthropoda","Insecta","Coleoptera","Scarabaeidae","Dynastes","Dynastes hercules"
"442","Animalia","Chordata","Mammalia","Artiodactyla","Bovidae","Bos","Bos Taurus"
"443","Animalia","Chordata","Mammalia","Carnivora","Felidae","Felis","Felis catus"
"444","Animalia","Chordata","Mammalia","Artiodactyla","Hippopotamidae","Hippopotamus","Hippopotamus amphibius"
"445","Animalia","Chordata","Mammalia","Chiroptera","Vespertilionidae","Lasiurus","Lasiurus cinereus"
"446","Animalia","Chordata","Mammalia","mam","Canidae","Canis","Canis lupus"
"447","Animalia","Chordata","Mammalia","Chiroptera","Phyllostomidae","Ectophylla","Ectophylla alba"
"448","Animalia","Chordata","Mammalia","Carnivora","Mustelidae","Mellivora","Mellivora Capensis"
"449","Animalia","Chordata","Mammalia","Carnivora","Phocidae","Cystophora","Cystophora cristata"
"450","Animalia","Chordata","Mammalia","Carnivora","Canidae","Canis","Canis lupus"
"451","Animalia","Chordata","Chondrichthyes","Heterodontiformes","Heterodontidae","Heterodontus","Heterodontus francisci"
"452","Animalia","Chordata","Amphibia","Anura","Leptodactylidae","Ceratophrys","Ceratophrys Ornata"
"453","Animalia","Chordata","Mammalia","Perissodactyla","Equidae","Equus","Equus caballus"
"454","Animalia","Chordata","Aves","Passeriformes","Fringillidae","Haemorhous","Haemorhous mexicanus"
"455","Animalia","Chordata","Aves","Passeriformes","Troglodytidae","Troglodytes","Troglodytes aedon"
"456","Animalia","Chordata","Mammalia","Primates","Atelidae","Alouatta","Alouatta"
"457","Animalia","Chordata","Mammalia","Primates","Hominidae","Homo","Homo Sapiens Sapiens"
"458","Animalia","Chordata","Aves","Sphenisciformes","Spheniscidae","Spheniscus","Spheniscus humboldti"
"459","Animalia","Mollusca","Cephalopoda","Oegopsida","Ommastrephidae","Dosidicus","Dosidicus gigas"
"460","Animalia","Chordata","Mammalia","Cetacea","Balaenopteridae","Megaptera","Megaptera novaeangliae"
"461","Animalia","Chordata","Mammalia","Carnivora","Canidae","Canis","Canis lupus"
"462","Animalia","Chordata","Mammalia","Carnivora","Canidae","Canis","Canis lupus"
"463","Animalia","Chordata","Mammalia","Carnivora","Canidae","Canis","Canis lupus"
"464","Animalia","Chordata","Mammalia","Carnivora","Canidae","Canis","Canis lupus"
"465","Animalia","Chordata","Mammalia","Carnivora","Canidae","Canis","Canis lupus"
"466","Animalia","Chordata","Mammalia","Carnivora","Hyaenidae","Crocuta","Crocuta Crocuta"
"467","Animalia","Chordata","Mammalia","Carnivora","Canidae","Canis","Canis lupus"
"468","Animalia","Chordata","Mammalia","Carnivora","Canidae","Canis","Canis lupus"
"469","Animalia","Cnidaria","Hydrozoa","Anthoathecata","Oceaniidae","Turritopsis","Turritopsis dohrnii"
"470","Animalia","Chordata","Mammalia","Artiodactyla","Bovidae","Aepyceros","Aepyceros Melampus"
"471","Animalia","Arthropoda","Insecta","Lepidoptera","Saturniidae","Eacles","Eacles imperialis"
"472","Animalia","Chordata","Mammalia","Proboscidea","Elephantidae","Elephas","Elephas maximus indicus"
"473","Animalia","Chordata","Mammalia","Rodentia","Sciuridae","Ratufa","Ratufa indica"
"474","Animalia","Chordata","Mammalia","Rodentia","Sciuridae","Funambulus","Funambulus Palmarum"
"475","Animalia","Chordata","Mammalia","Perissodactyla","Rhinocerotidae","Rhinoceros","Rhinoceros Unicornis"
"476","Animalia","Chordata","Reptilia","Testudines","Testudinidae","Geochelone","Geochelone elegans"
"477","Animalia","Chordata","Mammalia","Carnivora","Felidae","Panthera","Panthera Tigris Corbetti"
"478","Animalia","Chordata","Mammalia","Primates","Indriidae","Indri","Indri indri"
"479","Animalia","Chordata","Mammalia","Carnivora","Canidae","Canis","Canis Lupus"
"480","Animalia","Chordata","Mammalia","Carnivora","Canidae","Canis","Canis lupus"
"481","Animalia","Chordata","Mammalia","Carnivora","Canidae","Canis","Canis lupus"
"482","Animalia","Chordata","Mammalia","Carnivora","Canidae","Canis","Canis Lupus"
"483","Animalia","Chordata","Mammalia","Carnivora","Canidae","Canis","Canis lupus"
"484","Animalia","Chordata","Aves","Piciformes","Picidae","Campephilus","Campephilus principalis"
"485","Animalia","Chordata","Aves","Charadriiformes","Jacanidae","Jacana Brisson","Jacanidae"
"486","Animalia","Chordata","Mammalia","Carnivora","Canidae","Canis","Canis lupus"
"487","Animalia","Chordata","Mammalia","Carnivora","Canidae","Canis","Canis lupus"
"488","Animalia","Chordata","Mammalia","Carnivora","Canidae","Canis","Canis Aureus"
"489","Animalia","Chordata","Mammalia","Carnivora","Felidae","Panthera","Panthera onca"
"490","Animalia","Chordata","Mammalia","Carnivora","Felidae","Herpailurus","Herpailurus yagouaroundi"
"491","Animalia","Arthropoda","Insecta","Coleoptera","Scarabaeidae","Popillia","Popillia japonica"
"492","Animalia","Chordata","Mammalia","Carnivora","Canidae","Canis","Canis lupus"
"493","Animalia","Chordata","Mammalia","Primates","Cercopithecidae","Macaca","Macaca fuscata"
"494","Animalia","Chordata","Mammalia","Carnivora","Canidae","Canis","Canis lupus"
"495","Animalia","Chordata","Mammalia","Rodentia","Sciuridae","Sciurus","Sciurus lis"
"496","Animalia","Chordata","Mammalia","Carnivora","Canidae","Canis","Canis lupus"
"497","Animalia","Chordata","Mammalia","Perissodactyla","Rhinocerotidae","Rhinoceros","Rhinoceros Sondaicus"
"498","Animalia","Chordata","Mammalia","Carnivora","Felidae","Felis","Felis catus"
"499","Animalia","Arthropoda","Arachnida","Araneae","Araneidae","Trichonephila","Trichonephila clavata"
"500","Animalia","Chordata","Mammalia","Carnivora","Canidae","Canis","Canis lupus"
"501","Animalia","Chordata","Aves","Psittaciformes","Nestoridae","Strigops","Strigops habroptilus"
"502","Animalia","Chordata","Mammalia","Carnivora","Canidae","Canis","Canis lupus"
"503","Animalia","Chordata","Aves","Piciformes","Ramphastidae","Ramphastos","Ramphastos sulfuratus"
"504","Animalia","Chordata","Mammalia","Carnivora","Canidae","Canis","Canis Lupus"
"505","Animalia","Chordata","Mammalia","Carnivora","Canidae","Canis","Canis lupus"
"506","Animalia","Chordata","Mammalia","Artiodactyla","Cervidae","Odocoileus","Odocoileus virginianus"
"507","Animalia","Chordata","Mammalia","Artiodactyla","Bovidae","Capra","Capra aegagrus Hircus"
"508","Animalia","Chordata","Mammalia","Cetacea","Delphinidae","Orcinus","Orcinus orca"
"509","Animalia","Chordata","Mammalia","Artiodactyla","Bovidae","Capra","Capra aegagrus hircus"
"510","Animalia","Chordata","Reptilia","Squamata","Elapidae","Ophiophagus","Ophiophagus hannah"
"511","Animalia","Arthropoda","Malacostraca","Decapoda","Lithodidae","Lopholithodes","Lopholithodes Mandtii"
"512","Animalia","Chordata","Aves","Sphenisciformes","Spheniscidae","Aptenodytes","Aptenodytes patagonicus"
"513","Animalia","Chordata","Mammalia","Carnivora","Canidae","Canis","Canis lupus"
"514","Animalia","Chordata","Mammalia","Carnivora","Procyonidae","Potos","Potos flavus"
"515","Animalia","Chordata","Mammalia","Carnivora","Canidae","Canis","Canis lupus"
"516","Animalia","Chordata","Mammalia","Diprotodontia","Phascolarctidae","Phascolarctos","Phascolarctos cinereus"
"517","Animalia","Chordata","Mammalia","Carnivora","Felidae","Leopardus","Leopardus guigna"
"518","Animalia","Chordata","Actinopterygii","Cypriniformes","Cyprinidae","Cyprinus","Cyprinus rubrofuscus ""koi"""
"519","Animalia","Chordata","Reptilia","Squamata","Varanidae","Varanus","Varanus komodoensis"
"520","Animalia","Chordata","Mammalia","Carnivora","Canidae","Canis","Canis lupus"
"521","Animalia","Chordata","Mammalia","Carnivora","Canidae","Canis","Canis lupus"
"522","Animalia","Chordata","Mammalia","Artiodactyla","Bovidae","Tragelaphus","Tragelaphus Strepsiceros"
"523","Animalia","Chordata","Mammalia","Carnivora","Canidae","Canis","Canis lupus"
"524","Animalia","Chordata","Mammalia","Carnivora","Canidae","Canis","Canis lupus"
"525","Animalia","Chordata","Mammalia","Carnivora","Canidae","Canis","Canis lupus"
"526","Animalia","Chordata","Mammalia","Carnivora","Canidae","Canis","Canis lupus"
"527","Animalia","Chordata","Mammalia","Carnivora","Canidae","Canis","Canis Lupus"
"528","Animalia","Chordata","Mammalia","Carnivora","Canidae","Canis","Canis lupus"
"529","Animalia","Chordata","Mammalia","Carnivora","Canidae","Canis","Canis lupus"
"530","Animalia","Chordata","Mammalia","Carnivora","Canidae","Canis","Canis lupus"
"531","Animalia","Chordata","Mammalia","Artiodactyla","Bovidae","Capra","Capra aegagrus hircus"
"532","Animalia","Chordata","Mammalia","Carnivora","Canidae","Canis","Canis lupus"
"533","Animalia","Chordata","Mammalia","Carnivora","Canidae","Canis","Canis lupus"
"534","Animalia","Chordata","Mammalia","Rodentia","Cricetidae","Lemmus","Lemmus Lemmus"
"535","Animalia","Chordata","Mammalia","Carnivora","Canidae","Canis","Canis lupus"
"536","Animalia","Chordata","Mammalia","Carnivora","Felidae","Panthera","Panthera pardus"
"537","Animalia","Chordata","Mammalia","Carnivora","Felidae","Prionailurus","Prionailurus bengalensis"
"538","Animalia","Chordata","Reptilia","Squamata","Eublepharidae","Eublepharis","Eublepharis macularius"
"539","Animalia","Chordata","Mammalia","Carnivora","Phocidae","Hydrurga","Hydrurga Leptonyx"
"540","Animalia","Chordata","Reptilia","Testudines","Testudinidae","Stigmochelys","Stigmochelys pardalis"
"541","Animalia","Chordata","Mammalia","Carnivora","Canidae","Canis","Canis lupus"
"542","Animalia","Chordata","Mammalia","Carnivora","Canidae","Canis","Canis lupus"
"543","Animalia","Chordata","Mammalia","Carnivora","Felidae","Panthera","Panthera leo x Panthera tigris"
"544","Animalia","Chordata","Mammalia","Carnivora","Felidae","Panthera","Panthera leo"
"545","Animalia","Chordata","Actinopterygii","Scorpaeniformes","Scorpaenidae","Pterois","Pterois volitans"
"546","Animalia","Chordata","Mammalia","Chiroptera","Vespertilionidae","Myotis","Myotis lucifugus"
"547","Animalia","Chordata","Aves","Sphenisciformes","Spheniscidae","Eudyptula","Eudyptula Minor"
"548","Animalia","Chordata","Mammalia","Artiodactyla","Camelidae","Lama","Lama Glama"
"549","Animalia","Chordata","Aves","Casuariiformes","Casuariidae","Casuarius","Casuarius"
"550","Animalia","Chordata","Mammalia","Carnivora","Canidae","Canis","Canis lupus"
"551","Animalia","Chordata","Actinopterygii","Lepisosteiformes","Lepisosteidae","Lepisosteus","Lepisosteus osseus"
"552","Animalia","Chordata","Mammalia","Carnivora","Canidae","Canis","Canis lupus"
"553","Animalia","Chordata","Mammalia","Carnivora","Felidae","Lynx","Felis lynx"
"554","Animalia","Chordata","Aves","Sphenisciformes","Spheniscidae","Eudyptes","Eudyptes Chrysolophus"
"555","Animalia","Chordata","Aves","Psittaciformes","Psittacidae","Arini","Arini"
"556","Animalia","Chordata","Mammalia","Carnivora","Canidae","Canis","Canis lupus occidentalis"
"557","Animalia","Chordata","Aves","Sphenisciformes","Spheniscidae","Spheniscus","Spheniscus magellanicus"
"558","Animalia","Chordata","Aves","Passeriformes","Corvidae","Pica","Pica Pica"
"559","Animalia","Chordata","Mammalia","Carnivora","Felidae","Felis","Felis catus"
"560","Animalia","Chordata","Mammalia","Carnivora","Viverridae","Viverra","Viverra tangalunga"
"561","Animalia","Chordata","Mammalia","Carnivora","Felidae","Panthera","Panthera Tigris Jacksoni"
"562","Animalia","Chordata","Aves","Anseriformes","Anatidae","Anas","Anas platyrhynchos"
"563","Animalia","Chordata","Mammalia","Carnivora","Canidae","Canis","Canis lupus"
"564","Animalia","Chordata","Mammalia","Carnivora","Canidae","Canis","Canis lupus"
"565","Animalia","Chordata","Mammalia","Carnivora","Canidae","Canis","Canis lupus"
"566","Animalia","Cnidaria","Hydrozoa","Siphonophorae","Physaliidae","Physalia","Physalia physalis"
"567","Animalia","Hemichordata","Mammalia","Carnivora","Canidae","Canis","Canis lupus"
"568","Animalia","Chordata","Mammalia","Primates","Cercopithecidae","Mandrillus","Mandrillus Sphinx"
"569","Animalia","Chordata","Mammalia","Carnivora","Canidae","Chrysocyon","Chyrsocyon brachyurus"
"570","Animalia","Chordata","Aves","Ciconiiformes","Ciconiidae","Leptoptilos","Leptoptilos crumenifer"
"571","Animalia","Chordata","Mammalia","Carnivora","Canidae","Vulpes","Vulpes vulpes"
"572","Animalia","Chordata","Reptilia","Squamata","Iguanidae","Amblyrhynchus","Amblyrhynchus cristatus"
"573","Animalia","Chordata","Amphibia","Anura","Bufonidae","Bufo","Bufo Marinus"
"574","Animalia","Chordata","Mammalia","Artiodactyla","Bovidae","Capra","Capra falconeri"
"575","Animalia","Chordata","Amphibia","Anura","Ranidae","Pelophylax","Pelophylax ridibundus"
"576","Animalia","Chordata","Mammalia","Carnivora","Viverridae","Paguma","Paguma larvata"
"577","Animalia","Chordata","Mammalia","Carnivora","Canidae","Canis","Canis lupus"
"578","Animalia","Chordata","Mammalia","Carnivora","Canidae","Canis","Canis lupus"
"579","Animalia","Chordata","Mammalia","Carnivora","Canidae","Canis","Canis lupus"
"580","Animalia","Chordata","Mammalia","Carnivora","Herpestidae","Suricata","Suricata suricatta"
"581","Animalia","Chordata","Chondrichthyes","Lamniformes","Megachasmidae","Megachasma","Megachasma pelagios"
"582","Animalia","Chordata","Actinopterygii","Siluriformes","Pangasiidae","Pangasianodon","Pangasianodon gigas"
"583","Animalia","Chordata","Reptilia","Squamata","Anguidae","Abronia","Abronia graminea"
"584","Animalia","Chordata","Mammalia","Chiroptera","Molossidae","Tadarida","Tadarida brasiliensis"
"585","Animalia","Chordata","Reptilia","Squamata","Bipedidae","Bipes","Bipes biporus"
"586","Animalia","Chordata","Mammalia","Carnivora","Canidae","Canis","Canis lupus"
"587","Animalia","Chordata","Actinopterygii","Gonorhynchiformes","Chanidae","Chanos","Chanos chanos"
"588","Animalia","Chordata","Mammalia","Carnivora","Canidae","Canis","Canis lupus"
"589","Animalia","Chordata","Mammalia","Carnivora","Canidae","Canis","Canis lupus"
"590","Animalia","Chordata","Mammalia","Carnivora","Canidae","Canis","Canis lupus"
"591","Animalia","Chordata","Mammalia","Carnivora","Canidae","Canis","Canis lupus"
"592","Animalia","Chordata","Mammalia","Carnivora","Mustelidae","Mustela or Neovison","Mustela lutreola or Neovison vison"
"593","Animalia","Chordata","Mammalia","Cetacea","Balaenopteridae","Balaenoptera","Balaenoptera acutorostrata"
"594","Animalia","Chordata","Aves","Accipitriformes","Accipitridae","Ictinia","Ictinia mississippiensis"
"595","Animalia","Chordata","Actinopterygii","Cyprinodontiformes","Poeciliidae","Poecilia","Poecilia"
"596","Animalia","Arthropoda","Insecta","Lepidoptera","Nymphalidae","Danaus","Danaus plexippus"
"597","Animalia","Chordata","Mammalia","Carnivora","Herpestidae","Herpestes","Helogale Parvula"
"598","Animalia","Chordata","Mammalia","Carnivora","Canidae","Canis","Canis Lupus"
"599","Animalia","Chordata","Amphibia","Anura","Leptodactylidae","Eleutherodactylus","Eleutherodactylus iberia"
"600","Animalia","Chordata","Aves","Gruiformes","Rallidae","Gallinula","Gallinula"
"601","Animalia","Chordata","Mammalia","Artiodactyla","Cervidae","Alces","Alces alces"
"602","Animalia","Chordata","Mammalia","Carnivora","Canidae","Canis","Canis lupus"
"603","Animalia","Chordata","Mammalia","Carnivora","Canidae","Canis","Canis lupus"
"604","Animalia","Chordata","Aves","Passeriformes","Turdidae","Sialia","Sialia currucoides"
"605","Animalia","Chordata","Mammalia","Carnivora","Canidae","Canis","Canis lupus"
"606","Animalia","Chordata","Mammalia","Carnivora","Canidae","Canis","Canis lupus"
"607","Animalia","Chordata","Mammalia","Primates","Hominidae","Gorilla","Gorilla Berengei Berengei"
"608","Animalia","Chordata","Mammalia","Carnivora","Felidae","Puma","Felis Concolor"
"609","Animalia","Chordata","Aves","Columbiformes","Columbidae","Zenaida","Zenaida macroura"
"610","Animalia","Chordata","Mammalia","Carnivora","Canidae","Canis","Canis lupus"
"611","Animalia","Chordata","Amphibia","Urodela","Proteidae","Necturus","Necturus maculosus"
"612","Animalia","Chordata","Mammalia","Perissodactyla","Equidae","Equus","Equus mulus"
"613","Animalia","Chordata","Mammalia","Artiodactyla","Artiodactyla","Ovibos","Ovibos moschatus"
"614","Animalia","Chordata","Mammalia","Rodentia","Cricetidae","Ondatra","Ondatra zibethicus"
"615","Animalia","Chordata","Mammalia","Rodentia","Heterocephalidae","Heterocephalus","Heterocephalus glaber"
"616","Animalia","Chordata","Mammalia","Cetacea","Monodontidae","Monodon","Monodon monoceros"
"617","Animalia","Chordata","Mammalia","Primates","Hominidae","Homo","Homo Sapiens Neanderthalensis"
"618","Animalia","Chordata","Mammalia","Carnivora","Canidae","Canis","Canis lupus"
"619","Animalia","Chordata","Mammalia","Carnivora","Felidae","Felis","Felis Catus"
"620","Animalia","Chordata","Mammalia","Carnivora","Canidae","Canis","Canis Lupus"
"621","Animalia","Chordata","Mammalia","Carnivora","Canidae","Canis","Canis lupus"
"622","Animalia","Chordata","Mammalia","Artiodactyla","Calvo","Capra","Capra aegagrus hircus"
"623","Animalia","Chordata","Reptilia","Crocodilia","Crocodylidae","Crocodylus","Crocodylus niloticus"
"624","Animalia","Chordata","Mammalia","Carnivora","Canidae","Canis","Canis lupus"
"625","Animalia","Chordata","Mammalia","Carnivora","Ursidae","Ursus","Ursus americanus"
"626","Animalia","Chordata","Reptilia","Squamata","Anguidae","Elgaria","Elgaria coerulea"
"627","Animalia","Chordata","Aves","Passeriformes","Cardinalidae","Cardinalis","Cardinalis cardinalis"
"628","Animalia","Chordata","Mammalia","Carnivora","Pinnipedia","Callorhinus","Callorhinus ursinus"
"629","Animalia","Chordata","Mammalia","Carnivora","Canidae","Canis","Canis lupus"
"630","Animalia","Chordata","Mammalia","Carnivora","Canidae","Canis","Canis lupus"
"631","Animalia","Chordata","Mammalia","Carnivora","Canidae","Canis","Canis lupus"
"632","Animalia","Chordata","Mammalia","Carnivora","Felidae","Felis","Felis catus"
"633","Animalia","Chordata","Mammalia","Carnivora","Canidae","Canis","Canis lupus"
"634","Animalia","Chordata","Mammalia","Carnivora","Canidae","Canis","Canis lupus"
"635","Animalia","Chordata","Mammalia","Artiodactyla","Bovidae","Capra","Capra aegagrus hircus"
"636","Animalia","Chordata","Mammalia","Dasyuromorphia","Myrmecobiidae","Myrmecobius","Myrmecobius Fasciatus"
"637","Animalia","Chordata","Chondrichthyes","Orectolobiformes","Ginglymostomatidae","Ginglymostoma","Ginglymostoma cirratum"
"638","Animalia","Chordata","Mammalia","Carnivora","Felidae","Leopardus","Leopardus pardalis"
"639","Animalia","Chordata","Mammalia","Artiodactyla","Giraffidae","Okapia","Okapia johnstoni"
"640","Animalia","Chordata","Mammalia","Carnivora","Canidae","Canis","Canis Lupus"
"641","Animalia","Chordata","Amphibia","Caudata","Proteidae","Proteus","Proteus anguinus"
"642","Animalia","Chordata","Mammalia","Didelphimorphia","Didelphidae","Didelphis","Didelphis Virginiana"
"643","Animalia","Chordata","Mammalia","Primates","Hominidae","Pongo","Pongo pygmaeus, Pongo abelii, Pongo tapanuliensis"
"644","Animalia","Chordata","Actinopterygii","Perciformes","Cichlidae","Astronotus","Astronotus ocellatus"
"645","Animalia","Chordata","Aves","Struthioniformes","Struthionidae","Struthio","Struthio camelus"
"646","Animalia","Chordata","Mammalia","Carnivora","Mustelidae","Lutra","Lutra Canadensis"
"647","Animalia","Chordata","Mammalia","Carnivora","Canidae","Canis","Canis lupus"
"648","Animalia","Chordata","Actinopterygii","Batrachoidiformes","Batrachoididae","Opsanus","Opsanus tau"
"649","Animalia","Chordata","Mammalia","Diprotodontia","Macropodidae","Thylogale","Thylogale"
"650","Animalia","Chordata","Reptilia","Testudines","Emydidae","Chrysemys","Chrysemys picta"
"651","Animalia","Chordata","Mammalia","Carnivora","Felidae","Panthera","Panthera pardus, Panthera onca"
"652","Animalia","Chordata","Mammalia","Carnivora","Canidae","Canis","Canis lupus"
"653","Animalia","Chordata","Aves","Psittaciformes","Psittacidae","Forpus","Forpus cyanopygius"
"654","Animalia","Chordata","Mammalia","Carnivora","Canidae","Canis","Canis lupus"
"655","Animalia","Chordata","Mammalia","Primates","Cercopithecidae","Erythrocebus","Erythrocebus patas"
"656","Animalia","Chordata","Mammalia","Carnivora","Canidae","Canis","Canis lupus"
"657","Animalia","Arthropoda","Insecta","Lepidoptera","Nymphalidae","Aglais","Aglais io"
"658","Animalia","Chordata","Mammalia","Carnivora","Canidae","Canis","Canis lupus"
"659","Animalia","Chordata","Mammalia","Carnivora","Canidae","Canis","Canis lupus"
"660","Animalia","Chordata","Mammalia","Carnivora","Canidae","Canis","Canis lupus"
"661","Animalia","Chordata","Mammalia","Artiodactyla","Cervidae","Elaphurus","Elaphurus davidianus"
"662","Animalia","Chordata","Aves","Falconiformes","Falconidae","Falco","Falco peregrinus"
"663","Animalia","Chordata","Mammalia","Carnivora","Canidae","Canis","Canis lupus"
"664","Animalia","Chordata","Mammalia","Carnivora","Felidae","Felis","Felis catus"
"665","Animalia","Chordata","Mammalia","Carnivora","Canidae","Canis","Canis lupus"
"666","Animalia","Chordata","Mammalia","Carnivora","Canidae","Canis","Canis lupus"
"667","Animalia","Chordata","Aves","Galliformes","Phasianidae","Phasianus","Phasianus Colchicus"
"668","Animalia","Chordata","Mammalia","Primates","Callitrichidae","Saguinus","Saguinus bicolor"
"669","Animalia","Chordata","Mammalia","Artiodactyla","Suidae","Sus","Sus scrofa scrofa"
"670","Animalia","Chordata","Mammalia","Lagomorpha","Ochotonidae","Ochotona","Ochotona Minor"
"671","Animalia","Chordata","Actinopterygii","Esociformes","Esocidae","Esox","Esox"
"672","Animalia","Chordata","Aves","Piciformes","Picidae","Dryocopus","Dryocopus pileatus"
"673","Animalia","Chordata","Mammalia","Cingulata","Dasypodidae","Chlamyphorus","Chlamyphorus truncatus"
"674","Animalia","Chordata","Mammalia","Carnivora","Canidae","Canis","Canis lupus"
"675","Animalia","Chordata","Mammalia","Carnivora","Canidae","Canis","Canis lupus"
"676","Animalia","Chordata","Mammalia","Monotremata","Ornithorhynchidae","Ornithorhynchus","Ornithorhynchus anatinus"
"677","Animalia","Chordata","Mammalia","Carnivora","Canidae","Canis","Canis lupus"
"678","Animalia","Chordata","Mammalia","Carnivora","Canidae","Canis","Canis lupus"
"679","Animalia","Chordata","Mammalia","Carnivora","Canidae","Canis","Canis Lupus"
"680","Animalia","Chordata","Mammalia","Carnivora","Ursidae","Ursus","Ursus maritimus"
"681","Animalia","Chordata","Mammalia","Carnivora","Canidae","Canis","Canis lupus"
"682","Animalia","Arthropoda","Insecta","Lepidoptera","Saturniidae","Antheraea","Antheraea polyphemus"
"683","Animalia","Chordata","Mammalia","Carnivora","Canidae","Canis","Canis lupus"
"684","Animalia","Chordata","Mammalia","Carnivora","Canidae","Canis","Canis lupus"
"685","Animalia","Chordata","Mammalia","Carnivora","Canidae","Canis","Canis lupus"
"686","Animalia","Chordata","Mammalia","Carnivora","Canidae","Canis","Canis lupus"
"687","Animalia","Chordata","Mammalia","Carnivora","Canidae","Canis","Canis lupus"
"688","Animalia","Chordata","Mammalia","Carnivora","Canidae","Canis","Canis lupus"
"689","Animalia","Chordata","Amphibia","Anura","Ranidae","Pelophylax","Pelophylax lessonae"
"690","Animalia","Chordata","Chondrichthyes","Lamniformes","Lamnidae","Lamna","Lamna nasus"
"691","Animalia","Chordata","Mammalia","Rodentia","Erethizontidae","Erethizon","Erethizon Dorsaum"
"692","Animalia","Chordata","Mammalia","Diprotodontia","Phalangeriformes","Phalangeridae","Phalangeriforme"
"693","Animalia","Chordata","Mammalia","Diprotodontia","Potoroidae","Potorous","Potorous tridactylus"
"694","Animalia","Chordata","Mammalia","Primates","Cercopithecidae","Nasalis","Nasalis larvatus"
"695","Animalia","Chordata","Mammalia","Artiodactyla","Antilocapridae","Antilocapra","Antilocapra americana"
"696","Animalia","Chordata","Mammalia","Carnivora","Canidae","Canis","Canis lupus"
"697","Animalia","Chordata","Aves","Charadriiformes","Alcidae","Fratercula","Fratercula arctica"
"698","Animalia","Chordata","Mammalia","Carnivora","Canidae","Canis","Canis lupus"
"699","Animalia","Chordata","Mammalia","Carnivora","Canidae","Canis","Canis lupus"
"700","Animalia","Chordata","Mammalia","Carnivora","Canidae","Canis","Canis lupus"
"701","Animalia","Chordata","Mammalia","Carnivora","Felidae","Puma","Felis concolor"
"702","Animalia","Arthropoda","Mammalia","Carnivora","Canidae","Canis","Canis lupus"
"703","Animalia","Chordata","Aves","Passeriformes","Fringillidae","Haemorhous","Haemorhous purpureus"
"704","Animalia","Arthropoda","Insecta","Lepidoptera","Notodontidae","Cerura","Cerura vinula"
"705","Animalia","Chordata","Mammalia","Artiodactyla","Hippopotamidae","Hippopotamus","Choeropsis liberiensis"
"706","Animalia","Chordata","Mammalia","Artiodactyla","Bovidae","Capra","Capra aegagrus hircus"
"707","Animalia","Chordata","Mammalia","Carnivora","Canidae","Canis","Canis lupus"
"708","Animalia","Chordata","Mammalia","Carnivora","Canidae","Canis","Canis lupus"
"709","Animalia","Chordata","Mammalia","Perissodactyla","Equidae","Equus","+Equus quagga quagga"
"710","Animalia","Chordata","Aves","Galliformes","Phasianidae","Coturnix","Coturnix Coturnix"
"711","Animalia","Chordata","Aves","Trogoniformes","Trogonidae","Pharomachrus, Euptilotis","Pharomachrus, Euptilotis"
"712","Animalia","Chordata","Mammalia","Diprotodontia","Macropodidae","Setonix","Setonix brachyurus"
"713","Animalia","Chordata","Mammalia","Dasyuromorphia","Dasyuridae","Dasyurus","Dasyurus Viverrinus"
"714","Animalia","Chordata","Mammalia","Lagomorpha","Leporidae","Oryctolagus","Oryctolagus cuniculus"
"715","Animalia","Chordata","Mammalia","Carnivora","Procyonidae","Procyon","Procyon lotor"
"716","Animalia","Chordata","Mammalia","Carnivora","Canidae","Nyctereutes","Nyctereutes procyonoides"
"717","Animalia","Chordata","Reptilia","Testudines","Testudinidae","Astrochelys","Astrochelys radiata"
"718","Animalia","Chordata","Mammalia","Carnivora","Felidae","Felis","Felis catus"
"719","Animalia","Chordata","Mammalia","Carnivora","Felidae","Felis","Felis catus"
"720","Animalia","Chordata","Mammalia","Carnivora","Canidae","Canis","Canis lupus"
"721","Animalia","Chordata","Mammalia","Rodentia","Muridae","Rattus","Rattus rattus"
"722","Animalia","Chordata","Mammalia","Carnivora","Canidae","Canis","Canis lupus"
"723","Animalia","Chordata","Aves","Passeriformes","Fringillidae","Haemorhous","Haemorhous mexicanus"
"724","Animalia","Chordata","Mammalia","Carnivora","Canidae","Vulpes","Vulpes vulpes"
"725","Animalia","Arthropoda","Arachnida","Araneae","Theraphosidae","Brachypelma","Brachypelma smithi"
"726","Animalia","Chordata","Mammalia","Carnivora","Ailuridae","Ailurus","Ailurus fulgens"
"727","Animalia","Chordata","Mammalia","Rodentia","Sciuridae","Tamiasciurus","Tamiasciurus hudsonicus"
"728","Animalia","Chordata","Mammalia","Carnivora","Canidae","Canis","Canis lupus rufus"
"729","Animalia","Chordata","Mammalia","Primates","Callitrichidae","Saguinus","Saguinus midas"
"730","Animalia","Chordata","Aves","Passeriformes","Icteridae","Agelaius","Agelaius phoeniceus"
"731","Animalia","Arthropoda","Arachnida","aranae","Theridiidae","Latrodectus","Latrodectus hasselti"
"732","Animalia","Chordata","Mammalia","Carnivora","Canidae","Canis","Canis lupus"
"733","Animalia","Chordata","Mammalia","Artiodactyla","Cervidae","Rangifer","Rangifer Tarandus"
"734","Animalia","Arthropoda","Malacostraca","Decapoda","Cancridae","Cancer","Cancer productus"
"735","Animalia","Chordata","Mammalia","Hyracoidea","Procaviidae","Procavia","Procavia capensis"
"736","Animalia","Chordata","Aves","Sphenisciformes","Spheniscidae","Eudyptes","Eudyptes chrysocome"
"737","Animalia","Chordata","Mammalia","Artiodactyla","Cervidae","Capreolus","Capreolus capreolus"
"738","Animalia","Chordata","Aves","Passeriformes","Carinalidae","Pheucticus","Pheucticus ludovicianus"
"739","Animalia","Chordata","Aves","Ciconiiformes","Threskiornithidae","Ajaja","Ajaja ajaja"
"740","Animalia","Chordata","Mammalia","Carnivora","Canidae","Canis","Canis lupus"
"741","Animalia","Chordata","Mammalia","Carnivora","Canidae","Canis","Canis lupus"
"742","Animalia","Chordata","Aves","Sphenisciformes","Spheniscidae","Eudyptes","Eudyptes schlegeli"
"743","Animalia","Chordata","Aves","Apodiformes","Trochilidae","Archilochus","Archilochus colubris"
"744","Animalia","Chordata","Mammalia","Carnivora","Canidae","Canis","Canis lupus"
"745","Animalia","Chordata","Mammalia","Carnivora","Canidae","Canis","Canis lupus"
"746","Animalia","Chordata","Mammalia","Carnivora","Felidae","Felis","Felis catus"
"747","Animalia","Chordata","Reptilia","Testudines","Testudinidae","Agrionemys","Agrionemys horsfieldii"
"748","Animalia","Chordata","Mammalia","Artiodactyla","Bovidae","Capra","Capra aegagrus hircus"
"749","Animalia","Chordata","Mammalia","Carnivora","Canidae","Canis","Canis lupus"
"750","Animalia","Chordata","Mammalia","Carnivora","Felidae","Smilodon","Smilodon populator"
"751","Animalia","Chordata","Mammalia","Carnivora","Mustelidae","Martes","Martes zibellina"
"752","Animalia","Chordata","Mammalia","Carnivora","Canidae","Canis","Canis lupus"
"753","Animalia","Chordata","Mammalia","Artiodactyla","Bovidae","Saiga","Saiga tatarica"
"754","Animalia","Chordata","Mammalia","Carnivora","Canidae","Canis","Canis lupus"
"755","Animalia","Chordata","Mammalia","Carnivora","Canidae","Canis","Canis lupus"
"756","Animalia","Chordata","Chondrichthyes","Lamniformes","Lamnidae","Lamna","Lamna ditropis"
"757","Animalia","Chordata","Mammalia","Carnivora","Canidae","Canis","Canis lupus"
"758","Animalia","Chordata","Mammalia","Carnivora","Canidae","Canis","Canis lupus"
"759","Animalia","Chordata","Reptilia","Squamata","Lacertidae","Lacerta","Lacerta agilis"
"760","Animalia","Chordata","Mammalia","Artiodactyla","Bovidae","Pseudoryx","Pseudoryx nghetinhensis"
"761","Animalia","Chordata","Reptilia","Squamata","Gekkonidae","Uroplatus","Uroplatus phantasticus"
"762","Animalia","Chordata","Mammalia","artiodactyla","Bovidae","Capra","Capra hircus"
"763","Animalia","Chordata","Aves","Psittaciformes","Psittacidae","Ara","Ara macao"
"764","Animalia","Chordata","Mammalia","Carnivora","Canidae","Canis","Canis lupus"
"765","Animalia","Chordata","Mammalia","Carnivora","Canidae","Canis","Canis lupus"
"766","Animalia","Chordata","Mammalia","Artiodactlya","Bovidae","Oryx","Oryx Dammah"
"767","Animalia","Chordata","Mammalia","Carnivora","Canidae","Canis","Canis lupus"
"768","Animalia","Chordata","Amphibia","Anura","Telmatobiidae","Telmatobius","Telmatobius culeus"
"769","Animalia","Chordata","Actinopterygii","Syngnathiformes","Syngnathidae","Phycodurus","Phycodurus eques"
"770","Animalia","Chordata","Aves","Accipitriformes","Accipitridae","Haliaeetus Savigny","Haliaeetus"
"771","Animalia","Chordata","Mammalia","Carnivora","Mustelidae","Enhydra","Enhydra Lutris"
"772","Animalia","Mollusca","Gastropoda","Nudibranchia","Opistobranches","Nudibranch","Nudibranchia"
"773","Animalia","Chordata","Actinopterygii","Syngnathiformes","Syngnathidae","Hippocampus","Hippocampus"
"774","Animalia","Chordata","Mammalia","Carnivora","Canidae","Canis","Canis lupus"
"775","Animalia","Chordata","Mammalia","Cetacea","Balaenopteridae","Balaenoptera","Balaenoptera borealis"
"776","Animalia","Chordata","Aves","Psittaciformes","Psittacidae","Poicephalus","Poicephalus senegalus"
"777","Animalia","Chordata","Mammalia","Carnivora","Felidae","Leptailurus","Leptailurus serval"
"778","Animalia","Chordata","Reptilia","Reptilia Order:	Squamata","Colubridae","Contia","Contia tenuis"
"779","Animalia","Chordata","Mammalia","Artiodactyla","Bovidae","Ovis","Ovis aries"
"780","Animalia","Chordata","Mammalia","Carnivora","Canidae","Canis","Canis lupus"
"781","Animalia","Chordata","Mammalia","Carnivora","Canidae","Canis","Canis lupus"
"782","Animalia","Chordata","Mammalia","Carnivora","Canidae","Canis","Canis lupus"
"783","Animalia","Chordata","Mammalia","Carnivora","Canidae","Canis","Canis lupus"
"784","Animalia","Chordata","Mammalia","Carnivora","Canidae","Canis","Canis lupus"
"785","Animalia","Chordata","Mammalia","Carnivora","Canidae","Canis","Canis Lupus"
"786","Animalia","Chordata","Aves","Pelecaniformes","Balaenicipitidae","Balaeniceps","Balaeniceps rex"
"787","Animalia","Chordata","Mammalia","Carnivora","Canidae","Canis","Canis lupus"
"788","Animalia","Chordata","Mammalia","Carnivora","Felidae","Felis","Felis catus"
"789","Animalia","Chordata","Actinopterygii","Perciformes","Osphronemidae","Betta","Betta splendens"
"790","Animalia","Chordata","Mammalia","Carnivora","Felidae","Felis","Felis catus"
"791","Animalia","Chordata","Mammalia","Carnivora","Canidae","Canis","Canis lupus"
"792","Animalia","Chordata","Mammalia","Cetartiodactyla","Bovidae","Capra","Capra sibirica"
"793","Animalia","Chordata","Mammalia","Carnivora","Canidae","Canis","Canis lupus"
"794","Animalia","Chordata","Mammalia","Carnivora","Felidae","Panthera","Panthera Tigris Altaica"
"795","Animalia","Chordata","Mammalia","Carnivora","Canidae","Canis","Canis lupus"
"796","Animalia","Chordata","Aves","Galliformes","Phasianidae","Gallus","Gallus gallus"
"797","Animalia","Chordata","Mammalia","Carnivora","Canidae","Canis","Canis lupus"
"798","Animalia","Chordata","Mammalia","Carnivora","Canidae","Canis","Canis lupus"
"799","Animalia","Chordata","Actinopterygii","Scombriformes","Scombridae","Katsuwonus","Katsuwonus pelamis"
"800","Animalia","Chordata","Mammalia","Carnivora","Canidae","Canis","Canis lupus"
"801","Animalia","Chordata","Mammalia","Pilosa","Bradypodidae","Bradypus","Choloepus Hoffmani"
"802","Animalia","Chordata","Reptilia","Squamata","Anguidae","Anguis","Anguis fragilis"
"803","Animalia","Chordata","Mammalia","Carnivora","Canidae","Canis","Canis lupus"
"804","Animalia","Chordata","Reptilia","Testudines","Chelydridae","Chelydra","Chelydridae"
"805","Animalia","Chordata","Mammalia","Carnivora","Canidae","Canis","Canis lupus familiaris"
"806","Animalia","Chordata","Mammalia","Carnivora","Felidae","Panthera","Panthera uncia"
"807","Animalia","Chordata","Mammalia","Carnivora","Felidae","Felis","Felis catus"
"808","Animalia","Chordata","Mammalia","Lagomorpha","Leporidae","Lepus","Lepus americanus"
"809","Animalia","Chordata","Aves","Strigiformes","Strigidae","Bubo","Bubo scandiacus"
"810","Animalia","Chordata","Mammalia","Carnivora","Felidae","Felis","Felis catus"
"811","Animalia","Chordata","Aves","Passeriformes","Passerelidae","Melospiza","Melospiza melodia"
"812","Animalia","Chordata","Mammalia","Carnivora","Felidae","Panthera","Panthera Tigris Amoyensis"
"813","Animalia","Chordata","Amphibia","Mesobatrachia","Pelobatidae","Pelobates","Mesobatrachia"
"814","Animalia","Chordata","Mammalia","Carnivora","Canidae","Canis","Canis lupus"
"815","Animalia","Chordata","Mammalia","Artiodactyla","Calvo","Capra","Capra aegagrus hircus"
"816","Animalia","Chordata","Mammalia","Carnivora","Canidae","Canis","Canis lupus"
"817","Animalia","Chordata","Mammalia","Carnivora","Ursidae","Tremarctos","Tremarctos Ornatus"
"818","Animalia","Chordata","Mammalia","Cetacea","Physeteridae","Physeter","Physeter macrocephalus"
"819","Animalia","Chordata","Mammalia","Primates","Atelidae","Ateles","Simia Paniscus"
"820","Animalia","Chordata","Chondrichthyes","Carcharhiniformes","Carcharhinidae","Carcharhinus","Carcharhinus brevipinna"
"821","Animalia","Chordata","Mammalia","Carnivora","Canidae","Canis","Canis lupus"
"822","Animalia","Chordata","Chondrichthyes","Squaliformes","Squalidae","Squalus","Squalus acanthias"
"823","Animalia","Chordata","Reptilia","Testudines","Geoemydidae","Heosemys","Heosemys spinosa"
"824","Animalia","Chordata","Aves","Psittaciformes","Psittacidae","Cyanopsitta","Cyanopsitta spixii"
"825","Animalia","Chordata","Actinopterygii","Lepisosteiformes","Lepisosteidae","Lepisosteus","Lepisosteus oculatus"
"826","Animalia","Arthropoda","Insecta","Hemiptera","Fulgoridae","Lycorma","Lycorma delicatula"
"827","Animalia","Chordata","Mammalia","Carnivora","Canidae","Canis","Canis lupus"
"828","Animalia","Chordata","Mammalia","Artiodactyla","Bovidae","Antidorcas","Antidorcas marsupialis"
"829","Animalia","Chordata","Mammalia","Carnivora","Canidae","Canis","Canis lupus"
"830","Animalia","Chordata","Mammalia","Primates","Cebidae","Saimiri","Saimiri"
"831","Animalia","Chordata","Actinopterygii","Beryciformes","Holocentridae","Holocentrus","Holocentrus adscensionis"
"832","Animalia","Chordata","Mammalia","Proboscidea","Elephantidae","Elephas","Elephas Maximus Maximus"
"833","Animalia","Chordata","Mammalia","Carnivora","Canidae","Canis","Canis lupus"
"834","Animalia","Chordata","Mammalia","Carnivora","Canidae","Canis","Canis Lupus"
"835","Animalia","Chordata","Mammalia","Carnivora","Canidae","Canis","Canis lupus"
"836","Animalia","Chordata","Mammalia","Eulipotyphla","Talpidae","Condylura","Condylura cristata"
"837","Animalia","Chordata","Mammalia","Carnivora","Mustelidae","Mustela","Mustela Erminea"
"838","Animalia","Chordata","Mammalia","Carnivora","Hyaenidae","Hyaena","Hyaena hyaena"
"839","Animalia","Chordata","Amphibia","Anura","Hylidae","Litoria","Litoria nasuta"
"840","Animalia","Chordata","Mammalia","Diprotodontia","Petauridae","Petaurus","Petaurus breviceps"
"841","Animalia","Chordata","Reptilia","Testudines","Testudinidae","Centrochelys","Centrochelys sulcata"
"842","Animalia","Chordata","Mammalia","Proboscidea","Elephantidae","Elephas","Elephas Maximus Sumatranus"
"843","Animalia","Chordata","Mammalia","Primates","Hominidae","Pongo","Pongo abelii"
"844","Animalia","Chordata","Mammalia","Perissodactyla","Rhinocerotidae","Dicerorhinus","Dicerorhinus Sumatrensis"
"845","Animalia","Chordata","Mammalia","Carnivora","Felidae","Panthera","Panthera Tigris Sumatrae"
"846","Animalia","Chordata","Mammalia","Carnivora","Ursidae","Helarctos","Helarctos malayanus"
"847","Animalia","Chordata","Actinopterygii","Siluriformes","Pangasiidae","Pangasianodon","Pangasianodon hypophthalmus"
"848","Animalia","Chordata","Aves","Anseriformes","Anatidae","Cygnus","Cygnus atratus"
"849","Animalia","Chordata","Mammalia","Carnivora","Canidae","Canis","Canis lupus"
"850","Animalia","Chordata","Mammalia","Rodentia","Cricetidae","Mesocricetus","Mesocricetus auratus"
"851","Animalia","Chordata","Mammalia","Carnivora","Canidae","Canis","Canis lupus"
"852","Animalia","Chordata","Mammalia","Artiodactyla","Bovidae","Budorcas","Budorcas taxicolor"
"853","Animalia","Chordata","Mammalia","Carnivora","Canidae","Canis","Canis lupus"
"854","Animalia","Chordata","Mammalia","Primates","Hominidae","Pongo","Pongo tapanuliensis"
"855","Animalia","Arthropoda","Insecta","Hymenoptera","Pompilidae","Pepsis","Pepsis albocincta"
"856","Animalia","Chordata","Mammalia","Primates","Tarsiidae","Tarsius","Tarsius"
"857","Animalia","Chordata","Mammalia","Dasyuromorphia","Dasyuridae","Sarcophilus","Sarcophilus harrisii"
"858","Animalia","Chordata","Mammalia","Dasyuromorphia","+Thylacinidae","+Thylacinus","+Thylacinus cynocephalus"
"859","Animalia","Chordata","Aves","Strigiformes","Strigidae","Strix","Strix aluco"
"860","Animalia","Chordata","Mammalia","Rodentia","Cricetidae","Mesocricetus","Mesocricetus auratus"
"861","Animalia","Chordata","Mammalia","Carnivora","Canidae","Canis","Canis lupus"
"862","Animalia","Chordata","Mammalia","Carnivora","Canidae","Canis","Canis lupus"
"863","Animalia","Chordata","Mammalia","Carnivora","Canidae","Canis","Canis lupus"
"864","Animalia","Chordata","Actinopterygii","Characiformes","Characidae","Paracheirodon","Paracheirodon Axelrodi"
"865","Animalia","Chordata","Mammalia","Carnivora","Canidae","Canis","Canis lupus"
"866","Animalia","Chordata","Mammalia","Carnivora","Canidae","Canis","Canis lupus"
"867","Animalia","Chordata","Reptilia","Squamata","Agamidae","Moloch","Moloch horridus"
"868","Animalia","Chordata","Mammalia","Carnivora","Canidae","Vulpes","Vulpes ferrilata"
"869","Animalia","Chordata","Mammalia","Carnivora","Canidae","Canis","Canis lupus"
"870","Animalia","Chordata","Mammalia","Carnivora","Canidae","Canis","Canis lupus"
"871","Animalia","Chordata","Mammalia","Carnivora","Canidae","Canis","Canis lupus"
"872","Animalia","Chordata","Mammalia","Carnivora","Felidae","Felis","Felis catus"
"873","Animalia","Chordata","Mammalia","Carnivora","Felidae","Panthera","Panthera Tigris"
"874","Animalia","Arthropoda","Insecta","Coleoptera","Carabidae","Cicindela","Cicindelinae"
"875","Animalia","Chordata","Amphibia","Caudata","Ambystomatidae","Ambystoma","Ambystoma tigrinum"
"876","Animalia","Chordata","Chondrichthyes","Carcharhiniformes","Carcharhinidae","Galeocerdo","Galeocerdo Cuvier"
"877","Animalia","Chordata","Mammalia","Carnivora","Canidae","Canis","Canis lupus familiaris"
"878","Animalia","Chordata","Mammalia","Carnivora","Canidae","Canis","Canis lupus"
"879","Animalia","Chordata","Mammalia","Carnivora","Canidae","Canis","Canis lupus"
"880","Animalia","Chordata","Mammalia","Carnivora","Canidae","Canis","Canis lupus"
"881","Animalia","Chordata","Aves","Passeriformes","Hirundinidae","Tachycineta","Tachycineta bicolor"
"882","Animalia","Chordata","Mammalia","Carnivora","Canidae","Canis","Canis lupus"
"883","Animalia","Chordata","Mammalia","Carnivora","Canidae","Canis","Canis lupus"
"884","Animalia","Chordata","Reptilia","Sphenodontia","Sphenodontidae","Sphenodon","Sphenodon Punctatus"
"885","Animalia","Chordata","Aves","Galliformes","Phasianidae","Meleagris","Meleagris"
"886","Animalia","Chordata","Mammalia","Carnivora","Felidae","Felis","Felis catus"
"887","Animalia","Chordata","Mammalia","Primates","Pitheciidae","Cacajao","Cacajao"
"888","Animalia","Chordata","Aves","Passeriformes","Cettiidae","Cettia","Cettia diphone"
"889","Animalia","Chordata","Aves","Passeriformes","Cotingidae","Cephalopterus","Cephalopterus"
"890","Animalia","Chordata","Mammalia","Carnivora","Canidae","Canis","Canis lupus"
"891","Animalia","Mollusca","Cephalopoda","Vampyromorphida","Vampyroteuthidae","Vampyroteuthis","Vampyroteuthis infernalis"
"892","Animalia","Chordata","Mammalia","Artiodactyla","Phocoenidae","Phocoena","Phocoena sinus"
"893","Animalia","Chordata","Mammalia","Primates","Cercopithecidae","Chlorocebus","Chlorocebus pygerythrus"
"894","Animalia","Chordata","Reptilia","Squamata","Sphaerodactylidae","Sphaerodactylus","Sphaerodactylus parthenopion"
"895","Animalia","Chordata","Mammalia","Carnivora","Canidae","Canis","Canis lupus"
"896","Animalia","Chordata","Mammalia","Carnivora","Canidae","Canis","Canis lupus"
"897","Animalia","Chordata","Aves","Cathartiformes","Cathartidae","Cathartes","Cathartes aura"
"898","Animalia","Chordata","Actinopterygii","Siluriformes","Clariidae","Clarias","Clarias batrachus"
"899","Animalia","Chordata","Mammalia","Diprotodontia","Macropodidae","Macropus","Macropus"
"900","Animalia","Chordata","Actinopterygii","Perciformes","Percidae","Sander","Sander vitreus"
"901","Animalia","Chordata","Mammalia","Carnivora","Odobenidae","Odobenus","Odobenus rosmarus"
"902","Animalia","Chordata","Aves","Procellariiforms","Diomedeidae","Diomedea","Diomedea exulans"
"903","Animalia","Chordata","Mammalia","Artiodactyla","Suidae","Phacochoerus","Phacochoerus africanus"
"904","Animalia","Chordata","Mammalia","Artiodactyla","Bovidae","Bubalus","Bubalus bubalis"
"905","Animalia","Chordata","Reptilia","Squamata","Agamidae","Physignathus","Physignathus"
"906","Animalia","Chordata","Mammalia","Rodentia","Cricetidae","Arvicola","Arvicola amphibius"
"907","Animalia","Chordata","Mammalia","Carnivora","Mustelidae","Mustela","Mustela nivalis"
"908","Animalia","Chordata","Mammalia","Carnivora","Canidae","Canis","Canis lupus"
"909","Animalia","Chordata","Mammalia","Carnivora","Canidae","Canis","Canis lupus"
"910","Animalia","Chordata","Mammalia","Carnivora","Canidae","Canis","Canis lupus"
"911","Animalia","Chordata","Mammalia","Carnivora","Canidae","Canis","Canis lupus"
"912","Animalia","Chordata","Mammalia","Carnivora","Canidae","Canis","Canis Lupus"
"913","Animalia","Chordata","Mammalia","Primates","Hominidae","Gorilla","Gorilla Gorilla"
"914","Animalia","Chordata","Mammalia","Primates","Hominidae","Gorilla","Gorilla gorilla gorilla"
"915","Animalia","Chordata","Chondrichthyes","Orectolobiformes","Rhincodontidae","Rhincodon","Rhincodon Typus"
"916","Animalia","Chordata","Mammalia","Carnivora","Canidae","Canis","Canis lupus"
"917","Animalia","Chordata","Mammalia","Carnivora","Canidae","Canis","Canis lupus"
"918","Animalia","Arthropoda","Insecta","Lepidoptera","Pieridae","Pieris","Pieris rapae"
"919","Animalia","Chordata","Mammalia","Perissodactyla","Rhinocerotidae","Ceratotherium","Ceratotherium simum"
"920","Animalia","Chordata","Mammalia","Carnivora","Felidae","Panthera","Panthera tigris tigris"
"921","Animalia","Chordata","Mammalia","Primates","Cebidae","Cebus","Cebus Capucinus"
"922","Animalia","Chordata","Mammalia","Artiodactyla","Cervidae","Odocoileus","Odocoileus virginianus"
"923","Animalia","Chordata","Aves","Accipitriformes","Accipitridae","Haliaeetus","Haliaeetus albicilla"
"924","Animalia","Chordata","Mammalia","Carnivora","Canidae","Canis","Canis lupus"
"925","Animalia","Chordata","Aves","Gruiformes","Gruidae","Grus","Grus americana"
"926","Animalia","Chordata","Mammalia","Artiodactyla","Suidae","Sus","Sus scrofa"
"927","Animalia","Chordata","Mammalia","Artiodactyla","Bovidae","Connochaetes","Connochaetes Taurinus"
"928","Animalia","Chordata","Aves","Passeriformes","Phylloscopidae","Phylloscopus","Phylloscopus trochilus"
"929","Animalia","Chordata","Mammalia","Carnivora","Canidae","Canis","Canis lupus"
"930","Animalia","Chordata","Mammalia","Carnivora","Canidae","Canis","Canis lupus"
"931","Animalia","Chordata","Mammalia","Carnivora","Canidae","Canis","Canis lupus"
"932","Animalia","Chordata","Actinopterygii","Perciformes","Anarhichadidae","Anarrhichthys","Anarrhichthys ocellatus"
"933","Animalia","Chordata","Mammalia","Carnivora","Mustelidae","Gulo","Gulo gulo"
"934","Animalia","Chordata","Mammalia","Diprotodontia","Vombatidae","Vombatus","Vombatus Ursinus"
"935","Animalia","Chordata","Mammalia","Artiodactyla","Bovidae","Bison","Bison bison athabascae"
"936","Animalia","Chordata","Amphibia","Anura","Ranidae","Lithobates","Lithobates sylvaticus"
"937","Animalia","Arthropoda","Malacostraca","Isopoda","Armadillidiidae","Armadillidium","Armadillidium vulgare"
"938","Animalia","Arthropoda","Arachnida","Araneae","Dysderidae","Dysdera","Dysdera crocata"
"939","Animalia","Chordata","Mammalia","Proboscidea","Elephantidae","Mammuthus","Mammuthus Primigenius"
"940","Animalia","Chordata","Mammalia","Primates","Atelidae","Lagothrix","Lagothrix Lagotricha"
"941","Animalia","Chordata","Amphibia","Anura","Bufonidae","Anaxyrus","Anaxyrus Baxteri"
"942","Animalia","Chordata","Actinopterygii","Characiformes","Characidae","Pristella","Pristella maxillaris"
"943","Animalia","Chordata","Mammalia","Carnivora","Canidae","Canis","Canis lupus"
"944","Animalia","Chordata","Mammalia","Artiodactyla","Bovidae","Bos","Bos grunniens"
"945","Animalia","Chordata","Mammalia","Carnivora","Canidae","Canis","Canis lupus"
"946","Animalia","Chordata","Aves","Sphenisciformes","Spheniscidae","Megadyptes","Megadyptes antipodes"
"947","Animalia","Chordata","Actinopterygii","Scombriformes","Scombridae","Thunnus","Thunnus albacares"
"948","Animalia","Chordata","Mammalia","Carnivora","Canidae","Canis","Canis lupus familiaris"
"949","Animalia","Chordata","Mammalia","Carnivora","Canidae","Canis","Canis lupus"
"950","Animalia","Chordata","Mammalia","Carnivora","Canidae","Canis","Canis lupus"
"951","Animalia","Chordata","Mammalia","Carnivora","Canidae","Canis","Canis lupus"
"952","Animalia","Chordata","Mammalia","Perissodactyla","Equidae","Equus","Equus zebra, Equus quagga, Equus grevyi"
"953","Animalia","Chordata","Aves","Passeriformes","Estrildidae","Taeniopygia","Taeniopygia guttata"
"954","Animalia","Mollusca","Bivalvia","Myida","Dreissenidae","Dreissena","Dreissena polymorpha"
"955","Animalia","Chordata","Actinopterygii","Siluriformes","Loricariidae","Hypancistrus","Hypancistrus zebra"
"956","Animalia","Chordata","Chondrichthyes","Orectolobiformes","Stegostomatidae","Stegostoma","Stegostoma Fasciatum"
"957","Animalia","Chordata","Mammalia","Artiodactyla","Bovidae","Bos","Bos taurus indicus"
"958","Animalia","Chordata","Mammalia","Perissodactyla","Equidae","Equus","Equus zebra x Equus asinus"
"959","Animalia","Chordata","Mammalia","Perissodactyla","Equidae","Equus","Equus zebra x Equus caballus"
"960","Animalia","Chordata","Mammalia","Carnivora","Canidae","Canis","Canis lupus"
